id,s2_doy,doy,main_stage,main_stage_percent,secondary_stage,secondary_stage_percent,root_est,leaf_devel,squaring,flowering,boll_devel,boll_open,metalabel,sowing_date,harvest_date
1,123,123,1,90,0,,2,0,0,0,0,0,1,12/4/2021,21-22/9/2021
1,130,131,2,100,0,,0,2,0,0,0,0,4,12/4/2021,21-22/9/2021
1,140,140,2,100,0,,0,2,0,0,0,0,4,12/4/2021,21-22/9/2021
1,148,148,2,100,0,,0,2,0,0,0,0,4,12/4/2021,21-22/9/2021
1,153,153,2,100,0,,0,2,0,0,0,0,4,12/4/2021,21-22/9/2021
1,158,159,2,100,0,,0,2,0,0,0,0,4,12/4/2021,21-22/9/2021
1,160,159,2,100,0,,0,2,0,0,0,0,4,12/4/2021,21-22/9/2021
1,168,167,3,90,2,10.0,0,1,2,0,0,0,6,12/4/2021,21-22/9/2021
1,173,174,3,100,0,,0,0,2,0,0,0,7,12/4/2021,21-22/9/2021
1,175,174,3,100,0,,0,0,2,0,0,0,7,12/4/2021,21-22/9/2021
1,183,184,3,100,4,100.0,0,0,2,1,0,0,8,12/4/2021,21-22/9/2021
1,185,184,3,100,4,100.0,0,0,2,1,0,0,8,12/4/2021,21-22/9/2021
1,193,193,4,100,5,70.0,0,0,0,2,1,0,11,12/4/2021,21-22/9/2021
1,200,201,4,100,5,80.0,0,0,0,2,1,0,11,12/4/2021,21-22/9/2021
1,215,215,5,100,4,100.0,0,0,0,1,2,0,12,12/4/2021,21-22/9/2021
1,223,223,5,100,4,100.0,0,0,0,1,2,0,12,12/4/2021,21-22/9/2021
1,235,235,5,100,6,20.0,0,0,0,0,2,1,14,12/4/2021,21-22/9/2021
1,245,245,5,100,6,70.0,0,0,0,0,2,1,14,12/4/2021,21-22/9/2021
1,255,256,6,100,5,70.0,0,0,0,0,1,2,15,12/4/2021,21-22/9/2021
3,118,118,1,40,0,,2,0,0,0,0,0,1,11/4/2021,29/9/2021
3,130,130,2,100,0,,0,2,0,0,0,0,4,11/4/2021,29/9/2021
3,138,139,2,100,0,,0,2,0,0,0,0,4,11/4/2021,29/9/2021
3,140,139,2,100,0,,0,2,0,0,0,0,4,11/4/2021,29/9/2021
3,145,145,2,100,0,,0,2,0,0,0,0,4,11/4/2021,29/9/2021
3,153,152,2,100,0,,0,2,0,0,0,0,4,11/4/2021,29/9/2021
3,158,158,2,100,0,,0,2,0,0,0,0,4,11/4/2021,29/9/2021
3,163,163,2,100,0,,0,2,0,0,0,0,4,11/4/2021,29/9/2021
3,173,173,3,100,0,,0,0,2,0,0,0,7,11/4/2021,29/9/2021
3,183,182,3,100,0,,0,0,2,0,0,0,7,11/4/2021,29/9/2021
3,190,191,3,100,4,70.0,0,0,2,1,0,0,8,11/4/2021,29/9/2021
3,200,200,4,100,5,40.0,0,0,0,2,1,0,11,11/4/2021,29/9/2021
3,208,208,4,100,5,60.0,0,0,0,2,1,0,11,11/4/2021,29/9/2021
3,213,213,4,100,5,70.0,0,0,0,2,1,0,11,11/4/2021,29/9/2021
3,220,221,4,100,5,90.0,0,0,0,2,1,0,11,11/4/2021,29/9/2021
3,233,232,5,100,4,50.0,0,0,0,1,2,0,12,11/4/2021,29/9/2021
3,243,244,5,100,6,10.0,0,0,0,0,2,1,14,11/4/2021,29/9/2021
3,245,244,5,100,6,10.0,0,0,0,0,2,1,14,11/4/2021,29/9/2021
3,253,254,5,100,6,70.0,0,0,0,0,2,1,14,11/4/2021,29/9/2021
3,255,254,5,100,6,70.0,0,0,0,0,2,1,14,11/4/2021,29/9/2021
3,263,263,6,100,5,10.0,0,0,0,0,1,2,15,11/4/2021,29/9/2021
6,118,118,1,10,0,,2,0,0,0,0,0,1,11/4/2021,28/9/2021
6,130,130,2,100,0,,0,2,0,0,0,0,4,11/4/2021,28/9/2021
6,138,139,2,100,0,,0,2,0,0,0,0,4,11/4/2021,28/9/2021
6,140,139,2,100,0,,0,2,0,0,0,0,4,11/4/2021,28/9/2021
6,145,146,2,100,0,,0,2,0,0,0,0,4,11/4/2021,28/9/2021
6,153,152,2,100,0,,0,2,0,0,0,0,4,11/4/2021,28/9/2021
6,158,158,2,100,0,,0,2,0,0,0,0,4,11/4/2021,28/9/2021
6,163,163,2,100,0,,0,2,0,0,0,0,4,11/4/2021,28/9/2021
6,173,173,3,100,0,,0,0,2,0,0,0,7,11/4/2021,28/9/2021
6,183,183,3,100,4,70.0,0,0,2,1,0,0,8,11/4/2021,28/9/2021
6,208,207,4,100,5,70.0,0,0,0,2,1,0,11,11/4/2021,28/9/2021
6,213,214,4,100,5,70.0,0,0,0,2,1,0,11,11/4/2021,28/9/2021
6,215,214,4,100,5,70.0,0,0,0,2,1,0,11,11/4/2021,28/9/2021
6,223,222,4,100,5,90.0,0,0,0,2,1,0,11,11/4/2021,28/9/2021
6,233,233,5,100,6,10.0,0,0,0,0,2,1,14,11/4/2021,28/9/2021
6,245,245,5,100,6,30.0,0,0,0,0,2,1,14,11/4/2021,28/9/2021
6,250,250,5,100,6,50.0,0,0,0,0,2,1,14,11/4/2021,28/9/2021
6,263,264,6,100,5,20.0,0,0,0,0,1,2,15,11/4/2021,28/9/2021
6,265,264,6,100,5,20.0,0,0,0,0,1,2,15,11/4/2021,28/9/2021
7,125,125,1,90,0,,2,0,0,0,0,0,1,28/4/2021,19/9/2021
7,133,133,2,100,0,,0,2,0,0,0,0,4,28/4/2021,19/9/2021
7,140,141,2,100,0,,0,2,0,0,0,0,4,28/4/2021,19/9/2021
7,148,148,2,100,0,,0,2,0,0,0,0,4,28/4/2021,19/9/2021
7,153,153,2,100,0,,0,2,0,0,0,0,4,28/4/2021,19/9/2021
7,158,159,2,100,0,,0,2,0,0,0,0,4,28/4/2021,19/9/2021
7,160,159,2,100,0,,0,2,0,0,0,0,4,28/4/2021,19/9/2021
7,168,167,3,100,0,,0,0,2,0,0,0,7,28/4/2021,19/9/2021
7,175,175,3,100,0,,0,0,2,0,0,0,7,28/4/2021,19/9/2021
7,185,186,3,100,4,80.0,0,0,2,1,0,0,8,28/4/2021,19/9/2021
7,195,195,4,100,5,30.0,0,0,0,2,1,0,11,28/4/2021,19/9/2021
7,203,202,4,100,5,60.0,0,0,0,2,1,0,11,28/4/2021,19/9/2021
7,218,217,5,100,4,100.0,0,0,0,1,2,0,12,28/4/2021,19/9/2021
7,225,226,5,100,4,60.0,0,0,0,1,2,0,12,28/4/2021,19/9/2021
7,235,236,5,100,6,20.0,0,0,0,0,2,1,14,28/4/2021,19/9/2021
7,248,247,5,100,6,70.0,0,0,0,0,2,1,14,28/4/2021,19/9/2021
7,258,257,6,100,5,30.0,0,0,0,0,1,2,15,28/4/2021,19/9/2021
8,128,128,1,100,0,,2,0,0,0,0,0,1,31/4/2021,22/9/2021
8,138,138,2,100,0,,0,2,0,0,0,0,4,31/4/2021,22/9/2021
8,145,145,2,100,0,,0,2,0,0,0,0,4,31/4/2021,22/9/2021
8,150,151,2,100,0,,0,2,0,0,0,0,4,31/4/2021,22/9/2021
8,155,155,2,100,0,,0,2,0,0,0,0,4,31/4/2021,22/9/2021
8,160,161,2,100,0,,0,2,0,0,0,0,4,31/4/2021,22/9/2021
8,180,180,3,100,0,,0,0,2,0,0,0,7,31/4/2021,22/9/2021
8,188,189,3,100,0,,0,0,2,0,0,0,7,31/4/2021,22/9/2021
8,190,189,3,100,0,,0,0,2,0,0,0,7,31/4/2021,22/9/2021
8,198,198,3,100,4,100.0,0,0,2,1,0,0,8,31/4/2021,22/9/2021
8,205,205,4,100,5,20.0,0,0,0,2,1,0,11,31/4/2021,22/9/2021
8,220,220,4,100,5,60.0,0,0,0,2,1,0,11,31/4/2021,22/9/2021
8,230,231,5,100,4,60.0,0,0,0,1,2,0,12,31/4/2021,22/9/2021
8,238,239,5,100,4,30.0,0,0,0,1,2,0,12,31/4/2021,22/9/2021
8,240,239,5,100,4,30.0,0,0,0,1,2,0,12,31/4/2021,22/9/2021
8,248,248,5,100,6,30.0,0,0,0,0,2,1,14,31/4/2021,22/9/2021
8,260,260,6,100,5,100.0,0,0,0,0,1,2,15,31/4/2021,22/9/2021
9,123,123,1,100,0,,2,0,0,0,0,0,1,21/4/2021,18/9/2021
9,130,131,2,100,0,,0,2,0,0,0,0,4,21/4/2021,18/9/2021
9,140,140,2,100,0,,0,2,0,0,0,0,4,21/4/2021,18/9/2021
9,148,148,2,100,0,,0,2,0,0,0,0,4,21/4/2021,18/9/2021
9,153,153,2,100,0,,0,2,0,0,0,0,4,21/4/2021,18/9/2021
9,158,159,2,100,0,,0,2,0,0,0,0,4,21/4/2021,18/9/2021
9,160,159,2,100,0,,0,2,0,0,0,0,4,21/4/2021,18/9/2021
9,168,167,3,70,2,30.0,0,1,2,0,0,0,6,21/4/2021,18/9/2021
9,173,174,3,100,0,,0,0,2,0,0,0,7,21/4/2021,18/9/2021
9,175,174,3,100,0,,0,0,2,0,0,0,7,21/4/2021,18/9/2021
9,183,184,4,80,3,20.0,0,0,1,2,0,0,9,21/4/2021,18/9/2021
9,185,184,4,80,3,20.0,0,0,1,2,0,0,9,21/4/2021,18/9/2021
9,193,193,4,100,5,30.0,0,0,0,2,1,0,11,21/4/2021,18/9/2021
9,200,201,4,100,5,50.0,0,0,0,2,1,0,11,21/4/2021,18/9/2021
9,215,215,5,100,4,80.0,0,0,0,1,2,0,12,21/4/2021,18/9/2021
9,223,223,5,100,4,90.0,0,0,0,1,2,0,12,21/4/2021,18/9/2021
9,235,235,5,100,6,10.0,0,0,0,0,2,1,14,21/4/2021,18/9/2021
9,245,246,5,100,6,30.0,0,0,0,0,2,1,14,21/4/2021,18/9/2021
9,255,256,5,100,6,90.0,0,0,0,0,2,1,14,21/4/2021,18/9/2021
10,123,124,1,100,0,,2,0,0,0,0,0,1,22/4/2021,16/9/2021
10,125,124,1,100,0,,2,0,0,0,0,0,1,22/4/2021,16/9/2021
10,130,131,2,100,0,,0,2,0,0,0,0,4,22/4/2021,16/9/2021
10,140,140,2,100,0,,0,2,0,0,0,0,4,22/4/2021,16/9/2021
10,148,148,2,100,0,,0,2,0,0,0,0,4,22/4/2021,16/9/2021
10,153,153,2,100,0,,0,2,0,0,0,0,4,22/4/2021,16/9/2021
10,158,159,2,100,0,,0,2,0,0,0,0,4,22/4/2021,16/9/2021
10,160,159,2,100,0,,0,2,0,0,0,0,4,22/4/2021,16/9/2021
10,168,167,3,100,0,,0,0,2,0,0,0,7,22/4/2021,16/9/2021
10,173,174,3,100,0,,0,0,2,0,0,0,7,22/4/2021,16/9/2021
10,175,174,3,100,0,,0,0,2,0,0,0,7,22/4/2021,16/9/2021
10,183,184,3,100,4,60.0,0,0,2,1,0,0,8,22/4/2021,16/9/2021
10,185,184,3,100,4,60.0,0,0,2,1,0,0,8,22/4/2021,16/9/2021
10,193,194,4,100,5,70.0,0,0,0,2,1,0,11,22/4/2021,16/9/2021
10,195,194,4,100,5,70.0,0,0,0,2,1,0,11,22/4/2021,16/9/2021
10,200,201,4,100,5,70.0,0,0,0,2,1,0,11,22/4/2021,16/9/2021
10,215,216,4,100,5,100.0,0,0,0,2,1,0,11,22/4/2021,16/9/2021
10,223,224,5,100,4,100.0,0,0,0,1,2,0,12,22/4/2021,16/9/2021
10,225,224,5,100,4,100.0,0,0,0,1,2,0,12,22/4/2021,16/9/2021
10,233,234,5,100,6,40.0,0,0,0,0,2,1,14,22/4/2021,16/9/2021
10,235,234,5,100,6,40.0,0,0,0,0,2,1,14,22/4/2021,16/9/2021
10,245,245,5,100,6,80.0,0,0,0,0,2,1,14,22/4/2021,16/9/2021
11,130,130,1,100,0,,2,0,0,0,0,0,1,31/4/2021,18/9/2021
11,138,139,2,100,0,,0,2,0,0,0,0,4,31/4/2021,18/9/2021
11,140,139,2,100,0,,0,2,0,0,0,0,4,31/4/2021,18/9/2021
11,145,146,2,100,0,,0,2,0,0,0,0,4,31/4/2021,18/9/2021
11,153,152,2,100,0,,0,2,0,0,0,0,4,31/4/2021,18/9/2021
11,158,158,2,100,0,,0,2,0,0,0,0,4,31/4/2021,18/9/2021
11,163,163,2,100,0,,0,2,0,0,0,0,4,31/4/2021,18/9/2021
11,173,173,3,100,0,,0,0,2,0,0,0,7,31/4/2021,18/9/2021
11,183,183,3,100,0,,0,0,2,0,0,0,7,31/4/2021,18/9/2021
11,200,200,4,100,5,50.0,0,0,0,2,1,0,11,31/4/2021,18/9/2021
11,208,209,4,100,5,60.0,0,0,0,2,1,0,11,31/4/2021,18/9/2021
11,210,209,4,100,5,60.0,0,0,0,2,1,0,11,31/4/2021,18/9/2021
11,213,214,4,100,5,80.0,0,0,0,2,1,0,11,31/4/2021,18/9/2021
11,215,214,4,100,5,80.0,0,0,0,2,1,0,11,31/4/2021,18/9/2021
11,223,222,4,100,5,90.0,0,0,0,2,1,0,11,31/4/2021,18/9/2021
11,233,233,5,100,6,,0,0,0,0,2,1,14,31/4/2021,18/9/2021
11,245,245,5,100,6,40.0,0,0,0,0,2,1,14,31/4/2021,18/9/2021
11,250,250,5,100,6,50.0,0,0,0,0,2,1,14,31/4/2021,18/9/2021
12,125,126,1,100,0,,2,0,0,0,0,0,1,22/4/2021,25/9/2021
12,138,138,2,100,0,,0,2,0,0,0,0,4,22/4/2021,25/9/2021
12,143,144,2,100,0,,0,2,0,0,0,0,4,22/4/2021,25/9/2021
12,145,144,2,100,0,,0,2,0,0,0,0,4,22/4/2021,25/9/2021
12,150,151,2,100,0,,0,2,0,0,0,0,4,22/4/2021,25/9/2021
12,155,155,2,100,0,,0,2,0,0,0,0,4,22/4/2021,25/9/2021
12,160,161,2,100,0,,0,2,0,0,0,0,4,22/4/2021,25/9/2021
12,170,170,3,70,2,30.0,0,1,2,0,0,0,6,22/4/2021,25/9/2021
12,178,177,3,100,0,,0,0,2,0,0,0,7,22/4/2021,25/9/2021
12,188,188,3,100,4,80.0,0,0,2,1,0,0,8,22/4/2021,25/9/2021
12,198,197,4,100,5,10.0,0,0,0,2,1,0,11,22/4/2021,25/9/2021
12,203,204,4,100,5,20.0,0,0,0,2,1,0,11,22/4/2021,25/9/2021
12,205,204,4,100,5,20.0,0,0,0,2,1,0,11,22/4/2021,25/9/2021
12,218,219,4,100,5,60.0,0,0,0,2,1,0,11,22/4/2021,25/9/2021
12,220,219,4,100,5,60.0,0,0,0,2,1,0,11,22/4/2021,25/9/2021
12,230,231,5,100,4,100.0,0,0,0,1,2,0,12,22/4/2021,25/9/2021
12,238,238,5,100,6,10.0,0,0,0,0,2,1,14,22/4/2021,25/9/2021
12,248,248,5,100,6,60.0,0,0,0,0,2,1,14,22/4/2021,25/9/2021
12,258,259,6,100,5,30.0,0,0,0,0,1,2,15,22/4/2021,25/9/2021
12,260,259,6,100,5,30.0,0,0,0,0,1,2,15,22/4/2021,25/9/2021
13,130,131,2,100,0,,0,2,0,0,0,0,4,30/4/2021,21/9/2021
13,140,140,2,100,0,,0,2,0,0,0,0,4,30/4/2021,21/9/2021
13,148,148,2,100,0,,0,2,0,0,0,0,4,30/4/2021,21/9/2021
13,153,153,2,100,0,,0,2,0,0,0,0,4,30/4/2021,21/9/2021
13,158,159,2,100,0,,0,2,0,0,0,0,4,30/4/2021,21/9/2021
13,160,159,2,100,0,,0,2,0,0,0,0,4,30/4/2021,21/9/2021
13,168,167,2,100,0,,0,2,0,0,0,0,4,30/4/2021,21/9/2021
13,173,174,3,100,0,,0,0,2,0,0,0,7,30/4/2021,21/9/2021
13,175,174,3,100,0,,0,0,2,0,0,0,7,30/4/2021,21/9/2021
13,183,184,3,100,0,,0,0,2,0,0,0,7,30/4/2021,21/9/2021
13,185,184,3,100,0,,0,0,2,0,0,0,7,30/4/2021,21/9/2021
13,193,194,4,100,5,20.0,0,0,0,2,1,0,11,30/4/2021,21/9/2021
13,195,194,4,100,5,20.0,0,0,0,2,1,0,11,30/4/2021,21/9/2021
13,200,201,4,100,5,30.0,0,0,0,2,1,0,11,30/4/2021,21/9/2021
13,215,215,4,100,5,80.0,0,0,0,2,1,0,11,30/4/2021,21/9/2021
13,223,223,4,100,5,100.0,0,0,0,2,1,0,11,30/4/2021,21/9/2021
13,235,235,5,100,6,10.0,0,0,0,0,2,1,14,30/4/2021,21/9/2021
13,245,246,5,100,6,40.0,0,0,0,0,2,1,14,30/4/2021,21/9/2021
13,255,256,6,100,5,100.0,0,0,0,0,1,2,15,30/4/2021,21/9/2021
14,130,131,2,100,0,,0,2,0,0,0,0,4,30/4/2021,3/10/2021
14,140,140,2,100,0,,0,2,0,0,0,0,4,30/4/2021,3/10/2021
14,148,148,2,100,0,,0,2,0,0,0,0,4,30/4/2021,3/10/2021
14,153,153,2,100,0,,0,2,0,0,0,0,4,30/4/2021,3/10/2021
14,158,159,2,100,0,,0,2,0,0,0,0,4,30/4/2021,3/10/2021
14,160,159,2,100,0,,0,2,0,0,0,0,4,30/4/2021,3/10/2021
14,168,167,2,100,0,,0,2,0,0,0,0,4,30/4/2021,3/10/2021
14,173,174,3,100,0,,0,0,2,0,0,0,7,30/4/2021,3/10/2021
14,175,174,3,100,0,,0,0,2,0,0,0,7,30/4/2021,3/10/2021
14,183,184,3,100,0,,0,0,2,0,0,0,7,30/4/2021,3/10/2021
14,185,184,3,100,0,,0,0,2,0,0,0,7,30/4/2021,3/10/2021
14,193,194,3,100,4,100.0,0,0,2,1,0,0,8,30/4/2021,3/10/2021
14,195,194,3,100,4,100.0,0,0,2,1,0,0,8,30/4/2021,3/10/2021
14,200,201,4,100,5,10.0,0,0,0,2,1,0,11,30/4/2021,3/10/2021
14,215,215,4,100,5,60.0,0,0,0,2,1,0,11,30/4/2021,3/10/2021
14,223,223,4,100,5,80.0,0,0,0,2,1,0,11,30/4/2021,3/10/2021
14,235,235,5,100,6,10.0,0,0,0,0,2,1,14,30/4/2021,3/10/2021
14,245,246,5,100,6,30.0,0,0,0,0,2,1,14,30/4/2021,3/10/2021
14,255,256,6,100,5,100.0,0,0,0,0,1,2,15,30/4/2021,3/10/2021
14,265,265,6,100,5,40.0,0,0,0,0,1,2,15,30/4/2021,3/10/2021
15,125,126,1,40,0,,2,0,0,0,0,0,1,20/4/2021,21/9/2021
15,138,138,2,100,0,,0,2,0,0,0,0,4,20/4/2021,21/9/2021
15,143,144,2,100,0,,0,2,0,0,0,0,4,20/4/2021,21/9/2021
15,145,144,2,100,0,,0,2,0,0,0,0,4,20/4/2021,21/9/2021
15,150,151,2,100,0,,0,2,0,0,0,0,4,20/4/2021,21/9/2021
15,155,155,2,100,0,,0,2,0,0,0,0,4,20/4/2021,21/9/2021
15,160,161,2,100,0,,0,2,0,0,0,0,4,20/4/2021,21/9/2021
15,170,170,2,60,3,40.0,0,2,1,0,0,0,5,20/4/2021,21/9/2021
15,178,177,3,100,0,,0,0,2,0,0,0,7,20/4/2021,21/9/2021
15,188,188,3,100,4,100.0,0,0,2,1,0,0,8,20/4/2021,21/9/2021
15,198,197,4,100,5,20.0,0,0,0,2,1,0,11,20/4/2021,21/9/2021
15,203,204,4,100,5,30.0,0,0,0,2,1,0,11,20/4/2021,21/9/2021
15,205,204,4,100,5,30.0,0,0,0,2,1,0,11,20/4/2021,21/9/2021
15,218,219,4,100,5,60.0,0,0,0,2,1,0,11,20/4/2021,21/9/2021
15,220,219,4,100,5,60.0,0,0,0,2,1,0,11,20/4/2021,21/9/2021
15,230,231,4,100,5,100.0,0,0,0,2,1,0,11,20/4/2021,21/9/2021
15,238,238,5,100,6,20.0,0,0,0,0,2,1,14,20/4/2021,21/9/2021
15,248,248,5,100,6,60.0,0,0,0,0,2,1,14,20/4/2021,21/9/2021
15,258,259,6,100,5,30.0,0,0,0,0,1,2,15,20/4/2021,21/9/2021
15,260,259,6,100,5,30.0,0,0,0,0,1,2,15,20/4/2021,21/9/2021
16,128,128,1,100,0,,2,0,0,0,0,0,1,19/4/2021,21/9/2021
16,138,138,2,100,0,,0,2,0,0,0,0,4,19/4/2021,21/9/2021
16,143,144,2,100,0,,0,2,0,0,0,0,4,19/4/2021,21/9/2021
16,145,144,2,100,0,,0,2,0,0,0,0,4,19/4/2021,21/9/2021
16,150,151,2,100,0,,0,2,0,0,0,0,4,19/4/2021,21/9/2021
16,155,155,2,100,0,,0,2,0,0,0,0,4,19/4/2021,21/9/2021
16,160,161,2,100,0,,0,2,0,0,0,0,4,19/4/2021,21/9/2021
16,170,170,2,100,0,,0,2,0,0,0,0,4,19/4/2021,21/9/2021
16,178,177,3,100,0,,0,0,2,0,0,0,7,19/4/2021,21/9/2021
16,188,188,3,100,4,70.0,0,0,2,1,0,0,8,19/4/2021,21/9/2021
16,198,197,3,100,4,100.0,0,0,2,1,0,0,8,19/4/2021,21/9/2021
16,203,204,4,100,5,10.0,0,0,0,2,1,0,11,19/4/2021,21/9/2021
16,205,204,4,100,5,10.0,0,0,0,2,1,0,11,19/4/2021,21/9/2021
16,218,219,4,100,5,60.0,0,0,0,2,1,0,11,19/4/2021,21/9/2021
16,220,219,4,100,5,60.0,0,0,0,2,1,0,11,19/4/2021,21/9/2021
16,230,231,5,100,4,40.0,0,0,0,1,2,0,12,19/4/2021,21/9/2021
16,238,238,5,100,6,10.0,0,0,0,0,2,1,14,19/4/2021,21/9/2021
16,248,248,5,100,6,60.0,0,0,0,0,2,1,14,19/4/2021,21/9/2021
16,258,259,6,100,5,10.0,0,0,0,0,1,2,15,19/4/2021,21/9/2021
16,260,259,6,100,5,10.0,0,0,0,0,1,2,15,19/4/2021,21/9/2021
17,128,128,1,100,0,,2,0,0,0,0,0,1,19/4/2021,17/9/2021
17,138,138,2,100,0,,0,2,0,0,0,0,4,19/4/2021,17/9/2021
17,145,145,2,100,0,,0,2,0,0,0,0,4,19/4/2021,17/9/2021
17,150,151,2,100,0,,0,2,0,0,0,0,4,19/4/2021,17/9/2021
17,155,155,2,100,0,,0,2,0,0,0,0,4,19/4/2021,17/9/2021
17,160,161,2,100,0,,0,2,0,0,0,0,4,19/4/2021,17/9/2021
17,170,170,3,80,2,20.0,0,1,2,0,0,0,6,19/4/2021,17/9/2021
17,180,180,3,100,0,,0,0,2,0,0,0,7,19/4/2021,17/9/2021
17,188,189,3,100,4,70.0,0,0,2,1,0,0,8,19/4/2021,17/9/2021
17,190,189,3,100,4,70.0,0,0,2,1,0,0,8,19/4/2021,17/9/2021
17,198,198,4,100,5,60.0,0,0,0,2,1,0,11,19/4/2021,17/9/2021
17,205,205,4,100,5,70.0,0,0,0,2,1,0,11,19/4/2021,17/9/2021
17,220,220,4,100,5,90.0,0,0,0,2,1,0,11,19/4/2021,17/9/2021
17,230,231,5,100,4,100.0,0,0,0,1,2,0,12,19/4/2021,17/9/2021
17,238,239,5,100,6,30.0,0,0,0,0,2,1,14,19/4/2021,17/9/2021
17,240,239,5,100,6,30.0,0,0,0,0,2,1,14,19/4/2021,17/9/2021
17,248,248,5,100,6,70.0,0,0,0,0,2,1,14,19/4/2021,17/9/2021
17,260,260,6,100,5,20.0,0,0,0,0,1,2,15,19/4/2021,17/9/2021
18,123,124,1,90,0,,2,0,0,0,0,0,1,20/4/2021,2/10/2021
18,125,124,1,90,0,,2,0,0,0,0,0,1,20/4/2021,2/10/2021
18,130,131,2,100,0,,0,2,0,0,0,0,4,20/4/2021,2/10/2021
18,140,140,2,100,0,,0,2,0,0,0,0,4,20/4/2021,2/10/2021
18,148,148,2,100,0,,0,2,0,0,0,0,4,20/4/2021,2/10/2021
18,153,153,2,100,0,,0,2,0,0,0,0,4,20/4/2021,2/10/2021
18,158,159,2,100,0,,0,2,0,0,0,0,4,20/4/2021,2/10/2021
18,160,159,2,100,0,,0,2,0,0,0,0,4,20/4/2021,2/10/2021
18,168,167,3,100,0,,0,0,2,0,0,0,7,20/4/2021,2/10/2021
18,173,174,3,60,2,40.0,0,1,2,0,0,0,6,20/4/2021,2/10/2021
18,175,174,3,60,2,40.0,0,1,2,0,0,0,6,20/4/2021,2/10/2021
18,183,184,3,90,4,10.0,0,0,2,1,0,0,8,20/4/2021,2/10/2021
18,185,184,3,90,4,10.0,0,0,2,1,0,0,8,20/4/2021,2/10/2021
18,193,193,4,100,5,2.0,0,0,0,2,1,0,11,20/4/2021,2/10/2021
18,200,201,4,100,5,20.0,0,0,0,2,1,0,11,20/4/2021,2/10/2021
18,215,216,4,100,5,80.0,0,0,0,2,1,0,11,20/4/2021,2/10/2021
18,223,223,4,100,5,100.0,0,0,0,2,1,0,11,20/4/2021,2/10/2021
18,235,235,5,100,4,50.0,0,0,0,1,2,0,12,20/4/2021,2/10/2021
18,245,246,5,100,6,20.0,0,0,0,0,2,1,14,20/4/2021,2/10/2021
18,255,256,6,100,5,90.0,0,0,0,0,1,2,15,20/4/2021,2/10/2021
18,265,265,6,100,5,30.0,0,0,0,0,1,2,15,20/4/2021,2/10/2021
19,128,128,1,100,0,,2,0,0,0,0,0,1,19/4/2021,2/10/2021
19,138,138,2,100,0,,0,2,0,0,0,0,4,19/4/2021,2/10/2021
19,145,145,2,100,0,,0,2,0,0,0,0,4,19/4/2021,2/10/2021
19,150,151,2,100,0,,0,2,0,0,0,0,4,19/4/2021,2/10/2021
19,155,155,2,100,0,,0,2,0,0,0,0,4,19/4/2021,2/10/2021
19,160,161,2,100,0,,0,2,0,0,0,0,4,19/4/2021,2/10/2021
19,170,170,3,100,0,,0,0,2,0,0,0,7,19/4/2021,2/10/2021
19,180,180,3,100,0,,0,0,2,0,0,0,7,19/4/2021,2/10/2021
19,188,189,3,100,4,80.0,0,0,2,1,0,0,8,19/4/2021,2/10/2021
19,190,189,3,100,4,80.0,0,0,2,1,0,0,8,19/4/2021,2/10/2021
19,198,198,4,100,5,50.0,0,0,0,2,1,0,11,19/4/2021,2/10/2021
19,205,205,4,100,5,60.0,0,0,0,2,1,0,11,19/4/2021,2/10/2021
19,220,220,4,100,5,80.0,0,0,0,2,1,0,11,19/4/2021,2/10/2021
19,230,231,5,100,4,100.0,0,0,0,1,2,0,12,19/4/2021,2/10/2021
19,238,239,5,100,6,10.0,0,0,0,0,2,1,14,19/4/2021,2/10/2021
19,240,239,5,100,6,10.0,0,0,0,0,2,1,14,19/4/2021,2/10/2021
19,248,248,5,100,6,50.0,0,0,0,0,2,1,14,19/4/2021,2/10/2021
19,260,260,6,100,5,40.0,0,0,0,0,1,2,15,19/4/2021,2/10/2021
19,270,270,6,100,0,,0,0,0,0,0,2,16,19/4/2021,2/10/2021
20,130,130,1,100,0,,2,0,0,0,0,0,1,,21/9/2021
20,138,139,2,100,0,,0,2,0,0,0,0,4,,21/9/2021
20,140,139,2,100,0,,0,2,0,0,0,0,4,,21/9/2021
20,145,146,2,100,0,,0,2,0,0,0,0,4,,21/9/2021
20,153,152,2,100,0,,0,2,0,0,0,0,4,,21/9/2021
20,158,158,2,100,0,,0,2,0,0,0,0,4,,21/9/2021
20,163,163,2,100,0,,0,2,0,0,0,0,4,,21/9/2021
20,173,173,3,100,0,,0,0,2,0,0,0,7,,21/9/2021
20,183,183,3,100,0,,0,0,2,0,0,0,7,,21/9/2021
20,190,191,3,100,4,100.0,0,0,2,1,0,0,8,,21/9/2021
20,200,200,4,100,5,50.0,0,0,0,2,1,0,11,,21/9/2021
20,213,214,4,100,5,80.0,0,0,0,2,1,0,11,,21/9/2021
20,215,214,4,100,5,80.0,0,0,0,2,1,0,11,,21/9/2021
20,223,222,4,100,5,90.0,0,0,0,2,1,0,11,,21/9/2021
20,233,233,5,100,4,50.0,0,0,0,1,2,0,12,,21/9/2021
20,245,245,5,100,6,30.0,0,0,0,0,2,1,14,,21/9/2021
20,250,250,5,100,6,40.0,0,0,0,0,2,1,14,,21/9/2021
20,263,264,6,100,5,30.0,0,0,0,0,1,2,15,,21/9/2021
20,265,264,6,100,5,30.0,0,0,0,0,1,2,15,,21/9/2021
21,125,125,1,80,0,,2,0,0,0,0,0,1,29/4/2021,17/9/2021
21,133,133,2,100,0,,0,2,0,0,0,0,4,29/4/2021,17/9/2021
21,140,141,2,100,0,,0,2,0,0,0,0,4,29/4/2021,17/9/2021
21,148,149,2,100,0,,0,2,0,0,0,0,4,29/4/2021,17/9/2021
21,150,149,2,100,0,,0,2,0,0,0,0,4,29/4/2021,17/9/2021
21,153,153,2,100,0,,0,2,0,0,0,0,4,29/4/2021,17/9/2021
21,158,159,2,100,0,,0,2,0,0,0,0,4,29/4/2021,17/9/2021
21,160,159,2,100,0,,0,2,0,0,0,0,4,29/4/2021,17/9/2021
21,168,167,2,100,0,,0,2,0,0,0,0,4,29/4/2021,17/9/2021
21,175,175,3,100,0,,0,0,2,0,0,0,7,29/4/2021,17/9/2021
21,185,186,3,100,4,70.0,0,0,2,1,0,0,8,29/4/2021,17/9/2021
21,195,195,4,100,5,10.0,0,0,0,2,1,0,11,29/4/2021,17/9/2021
21,203,202,4,100,5,60.0,0,0,0,2,1,0,11,29/4/2021,17/9/2021
21,218,217,5,100,4,80.0,0,0,0,1,2,0,12,29/4/2021,17/9/2021
21,225,226,5,100,4,20.0,0,0,0,1,2,0,12,29/4/2021,17/9/2021
21,235,236,5,100,6,40.0,0,0,0,0,2,1,14,29/4/2021,17/9/2021
21,248,247,6,100,5,80.0,0,0,0,0,1,2,15,29/4/2021,17/9/2021
21,258,257,6,100,5,10.0,0,0,0,0,1,2,15,29/4/2021,17/9/2021
22,125,126,1,90,0,,2,0,0,0,0,0,1,27/4/2021,25/9/2021
22,138,138,2,100,0,,0,2,0,0,0,0,4,27/4/2021,25/9/2021
22,143,144,2,100,0,,0,2,0,0,0,0,4,27/4/2021,25/9/2021
22,145,144,2,100,0,,0,2,0,0,0,0,4,27/4/2021,25/9/2021
22,150,151,2,100,0,,0,2,0,0,0,0,4,27/4/2021,25/9/2021
22,155,155,2,100,0,,0,2,0,0,0,0,4,27/4/2021,25/9/2021
22,160,161,2,100,0,,0,2,0,0,0,0,4,27/4/2021,25/9/2021
22,170,170,2,80,3,20.0,0,2,1,0,0,0,5,27/4/2021,25/9/2021
22,178,177,3,100,0,,0,0,2,0,0,0,7,27/4/2021,25/9/2021
22,188,188,3,100,4,50.0,0,0,2,1,0,0,8,27/4/2021,25/9/2021
22,198,197,4,100,5,70.0,0,0,0,2,1,0,11,27/4/2021,25/9/2021
22,203,204,4,100,5,80.0,0,0,0,2,1,0,11,27/4/2021,25/9/2021
22,205,204,4,100,5,80.0,0,0,0,2,1,0,11,27/4/2021,25/9/2021
22,218,219,4,100,5,80.0,0,0,0,2,1,0,11,27/4/2021,25/9/2021
22,220,219,4,100,5,80.0,0,0,0,2,1,0,11,27/4/2021,25/9/2021
22,230,231,5,100,6,20.0,0,0,0,0,2,1,14,27/4/2021,25/9/2021
22,238,238,5,100,6,40.0,0,0,0,0,2,1,14,27/4/2021,25/9/2021
22,248,248,5,100,6,70.0,0,0,0,0,2,1,14,27/4/2021,25/9/2021
22,258,259,6,100,5,20.0,0,0,0,0,1,2,15,27/4/2021,25/9/2021
22,260,259,6,100,5,20.0,0,0,0,0,1,2,15,27/4/2021,25/9/2021
23,130,130,1,100,0,,2,0,0,0,0,0,1,29/4/2021,18/9/2021
23,138,139,2,100,0,,0,2,0,0,0,0,4,29/4/2021,18/9/2021
23,140,139,2,100,0,,0,2,0,0,0,0,4,29/4/2021,18/9/2021
23,145,145,2,100,0,,0,2,0,0,0,0,4,29/4/2021,18/9/2021
23,153,152,2,100,0,,0,2,0,0,0,0,4,29/4/2021,18/9/2021
23,158,158,2,100,0,,0,2,0,0,0,0,4,29/4/2021,18/9/2021
23,163,163,2,100,0,,0,2,0,0,0,0,4,29/4/2021,18/9/2021
23,173,173,3,100,0,,0,0,2,0,0,0,7,29/4/2021,18/9/2021
23,183,182,3,100,0,,0,0,2,0,0,0,7,29/4/2021,18/9/2021
23,190,191,3,100,4,100.0,0,0,2,1,0,0,8,29/4/2021,18/9/2021
23,200,200,4,100,5,40.0,0,0,0,2,1,0,11,29/4/2021,18/9/2021
23,213,213,4,100,5,80.0,0,0,0,2,1,0,11,29/4/2021,18/9/2021
23,220,221,4,100,5,90.0,0,0,0,2,1,0,11,29/4/2021,18/9/2021
23,233,232,5,100,4,60.0,0,0,0,1,2,0,12,29/4/2021,18/9/2021
23,243,244,5,100,6,40.0,0,0,0,0,2,1,14,29/4/2021,18/9/2021
23,245,244,5,100,6,40.0,0,0,0,0,2,1,14,29/4/2021,18/9/2021
23,253,254,5,100,6,80.0,0,0,0,0,2,1,14,29/4/2021,18/9/2021
23,255,254,5,100,6,80.0,0,0,0,0,2,1,14,29/4/2021,18/9/2021
24,130,130,1,100,0,,2,0,0,0,0,0,1,29/4/2021,28/9/2021
24,138,139,2,100,0,,0,2,0,0,0,0,4,29/4/2021,28/9/2021
24,140,139,2,100,0,,0,2,0,0,0,0,4,29/4/2021,28/9/2021
24,145,146,2,100,0,,0,2,0,0,0,0,4,29/4/2021,28/9/2021
24,153,152,2,100,0,,0,2,0,0,0,0,4,29/4/2021,28/9/2021
24,158,158,2,100,0,,0,2,0,0,0,0,4,29/4/2021,28/9/2021
24,163,163,2,100,0,,0,2,0,0,0,0,4,29/4/2021,28/9/2021
24,173,173,3,80,2,20.0,0,1,2,0,0,0,6,29/4/2021,28/9/2021
24,183,182,3,100,0,,0,0,2,0,0,0,7,29/4/2021,28/9/2021
24,190,191,3,100,0,,0,0,2,0,0,0,7,29/4/2021,28/9/2021
24,200,200,3,100,4,100.0,0,0,2,1,0,0,8,29/4/2021,28/9/2021
24,213,213,4,100,5,30.0,0,0,0,2,1,0,11,29/4/2021,28/9/2021
24,220,221,4,100,5,50.0,0,0,0,2,1,0,11,29/4/2021,28/9/2021
24,233,232,4,100,5,90.0,0,0,0,2,1,0,11,29/4/2021,28/9/2021
24,243,244,5,100,6,10.0,0,0,0,0,2,1,14,29/4/2021,28/9/2021
24,245,244,5,100,6,10.0,0,0,0,0,2,1,14,29/4/2021,28/9/2021
24,250,250,5,100,6,20.0,0,0,0,0,2,1,14,29/4/2021,28/9/2021
24,263,263,6,100,5,80.0,0,0,0,0,1,2,15,29/4/2021,28/9/2021
25,130,130,1,100,0,,2,0,0,0,0,0,1,29/4/2021,28/9/2021
25,138,139,2,100,0,,0,2,0,0,0,0,4,29/4/2021,28/9/2021
25,140,139,2,100,0,,0,2,0,0,0,0,4,29/4/2021,28/9/2021
25,145,146,2,100,0,,0,2,0,0,0,0,4,29/4/2021,28/9/2021
25,153,152,2,100,0,,0,2,0,0,0,0,4,29/4/2021,28/9/2021
25,163,163,2,100,0,,0,2,0,0,0,0,4,29/4/2021,28/9/2021
25,173,173,3,100,0,,0,0,2,0,0,0,7,29/4/2021,28/9/2021
25,183,182,3,100,0,,0,0,2,0,0,0,7,29/4/2021,28/9/2021
25,190,191,3,100,4,70.0,0,0,2,1,0,0,8,29/4/2021,28/9/2021
25,200,200,4,100,5,30.0,0,0,0,2,1,0,11,29/4/2021,28/9/2021
25,213,213,4,100,5,70.0,0,0,0,2,1,0,11,29/4/2021,28/9/2021
25,220,221,4,100,5,80.0,0,0,0,2,1,0,11,29/4/2021,28/9/2021
25,233,232,5,100,4,100.0,0,0,0,1,2,0,12,29/4/2021,28/9/2021
25,243,244,5,100,6,20.0,0,0,0,0,2,1,14,29/4/2021,28/9/2021
25,245,244,5,100,6,20.0,0,0,0,0,2,1,14,29/4/2021,28/9/2021
25,250,250,5,100,6,40.0,0,0,0,0,2,1,14,29/4/2021,28/9/2021
25,263,263,6,100,5,100.0,0,0,0,0,1,2,15,29/4/2021,28/9/2021
26,130,130,1,100,0,,2,0,0,0,0,0,1,29/4/2021,16/9/2021
26,138,139,2,100,0,,0,2,0,0,0,0,4,29/4/2021,16/9/2021
26,140,139,2,100,0,,0,2,0,0,0,0,4,29/4/2021,16/9/2021
26,145,146,2,100,0,,0,2,0,0,0,0,4,29/4/2021,16/9/2021
26,153,152,2,100,0,,0,2,0,0,0,0,4,29/4/2021,16/9/2021
26,158,158,2,100,0,,0,2,0,0,0,0,4,29/4/2021,16/9/2021
26,163,163,2,100,0,,0,2,0,0,0,0,4,29/4/2021,16/9/2021
26,173,173,3,100,0,,0,0,2,0,0,0,7,29/4/2021,16/9/2021
26,183,182,3,100,0,,0,0,2,0,0,0,7,29/4/2021,16/9/2021
26,190,191,3,100,4,100.0,0,0,2,1,0,0,8,29/4/2021,16/9/2021
26,200,200,4,100,5,60.0,0,0,0,2,1,0,11,29/4/2021,16/9/2021
26,213,213,4,100,5,90.0,0,0,0,2,1,0,11,29/4/2021,16/9/2021
26,220,221,4,100,5,100.0,0,0,0,2,1,0,11,29/4/2021,16/9/2021
26,233,232,5,100,4,50.0,0,0,0,1,2,0,12,29/4/2021,16/9/2021
26,243,244,5,100,6,80.0,0,0,0,0,2,1,14,29/4/2021,16/9/2021
26,245,244,5,100,6,80.0,0,0,0,0,2,1,14,29/4/2021,16/9/2021
26,250,250,5,100,6,90.0,0,0,0,0,2,1,14,29/4/2021,16/9/2021
27,125,126,1,90,0,,2,0,0,0,0,0,1,30/4/2021,30/9/2021
27,133,133,1,100,0,,2,0,0,0,0,0,1,30/4/2021,30/9/2021
27,140,141,2,100,0,,0,2,0,0,0,0,4,30/4/2021,30/9/2021
27,148,149,2,100,0,,0,2,0,0,0,0,4,30/4/2021,30/9/2021
27,150,149,2,100,0,,0,2,0,0,0,0,4,30/4/2021,30/9/2021
27,153,154,2,100,0,,0,2,0,0,0,0,4,30/4/2021,30/9/2021
27,155,154,2,100,0,,0,2,0,0,0,0,4,30/4/2021,30/9/2021
27,160,160,2,100,0,,0,2,0,0,0,0,4,30/4/2021,30/9/2021
27,168,168,2,100,0,,0,2,0,0,0,0,4,30/4/2021,30/9/2021
27,175,176,3,100,0,,0,0,2,0,0,0,7,30/4/2021,30/9/2021
27,188,187,3,100,4,90.0,0,0,2,1,0,0,8,30/4/2021,30/9/2021
27,195,196,4,100,5,30.0,0,0,0,2,1,0,11,30/4/2021,30/9/2021
27,203,203,4,100,5,60.0,0,0,0,2,1,0,11,30/4/2021,30/9/2021
27,218,218,4,100,5,80.0,0,0,0,2,1,0,11,30/4/2021,30/9/2021
27,230,230,4,100,5,90.0,0,0,0,2,1,0,11,30/4/2021,30/9/2021
27,238,237,5,100,6,10.0,0,0,0,0,2,1,14,30/4/2021,30/9/2021
27,248,247,5,100,6,40.0,0,0,0,0,2,1,14,30/4/2021,30/9/2021
27,258,258,5,100,6,70.0,0,0,0,0,2,1,14,30/4/2021,30/9/2021
27,268,267,6,100,5,50.0,0,0,0,0,1,2,15,30/4/2021,30/9/2021
28,130,131,2,100,0,,0,2,0,0,0,0,4,30/4/2021,20/9/2021
28,140,140,2,100,0,,0,2,0,0,0,0,4,30/4/2021,20/9/2021
28,148,148,2,100,0,,0,2,0,0,0,0,4,30/4/2021,20/9/2021
28,153,153,2,100,0,,0,2,0,0,0,0,4,30/4/2021,20/9/2021
28,158,159,2,100,0,,0,2,0,0,0,0,4,30/4/2021,20/9/2021
28,160,159,2,100,0,,0,2,0,0,0,0,4,30/4/2021,20/9/2021
28,168,167,2,100,0,,0,2,0,0,0,0,4,30/4/2021,20/9/2021
28,173,174,3,100,0,,0,0,2,0,0,0,7,30/4/2021,20/9/2021
28,175,174,3,100,0,,0,0,2,0,0,0,7,30/4/2021,20/9/2021
28,183,184,3,100,0,,0,0,2,0,0,0,7,30/4/2021,20/9/2021
28,185,184,3,100,0,,0,0,2,0,0,0,7,30/4/2021,20/9/2021
28,193,194,4,100,3,100.0,0,0,1,2,0,0,9,30/4/2021,20/9/2021
28,195,194,4,100,3,100.0,0,0,1,2,0,0,9,30/4/2021,20/9/2021
28,200,201,4,100,5,70.0,0,0,0,2,1,0,11,30/4/2021,20/9/2021
28,215,216,4,100,5,90.0,0,0,0,2,1,0,11,30/4/2021,20/9/2021
28,223,224,5,100,4,100.0,0,0,0,1,2,0,12,30/4/2021,20/9/2021
28,225,224,5,100,4,100.0,0,0,0,1,2,0,12,30/4/2021,20/9/2021
28,233,234,5,100,6,10.0,0,0,0,0,2,1,14,30/4/2021,20/9/2021
28,235,234,5,100,6,10.0,0,0,0,0,2,1,14,30/4/2021,20/9/2021
28,245,245,5,100,6,70.0,0,0,0,0,2,1,14,30/4/2021,20/9/2021
28,255,255,5,100,6,90.0,0,0,0,0,2,1,14,30/4/2021,20/9/2021
29,133,133,1,100,0,,2,0,0,0,0,0,1,3/5/2021,20/9/2021
29,140,141,2,100,0,,0,2,0,0,0,0,4,3/5/2021,20/9/2021
29,148,148,2,100,0,,0,2,0,0,0,0,4,3/5/2021,20/9/2021
29,153,153,2,100,0,,0,2,0,0,0,0,4,3/5/2021,20/9/2021
29,158,159,2,100,0,,0,2,0,0,0,0,4,3/5/2021,20/9/2021
29,160,159,2,100,0,,0,2,0,0,0,0,4,3/5/2021,20/9/2021
29,168,167,3,80,2,20.0,0,1,2,0,0,0,6,3/5/2021,20/9/2021
29,175,175,3,100,0,,0,0,2,0,0,0,7,3/5/2021,20/9/2021
29,185,186,3,100,0,,0,0,2,0,0,0,7,3/5/2021,20/9/2021
29,195,195,4,100,5,20.0,0,0,0,2,1,0,11,3/5/2021,20/9/2021
29,203,202,4,100,5,50.0,0,0,0,2,1,0,11,3/5/2021,20/9/2021
29,218,217,4,100,5,70.0,0,0,0,2,1,0,11,3/5/2021,20/9/2021
29,225,226,4,100,5,90.0,0,0,0,2,1,0,11,3/5/2021,20/9/2021
29,235,236,5,100,6,30.0,0,0,0,0,2,1,14,3/5/2021,20/9/2021
29,248,247,5,100,6,50.0,0,0,0,0,2,1,14,3/5/2021,20/9/2021
29,258,257,6,100,5,50.0,0,0,0,0,1,2,15,3/5/2021,20/9/2021
30,125,126,1,100,0,,2,0,0,0,0,0,1,30/4/2021,30/9/2021
30,133,133,1,100,0,,2,0,0,0,0,0,1,30/4/2021,30/9/2021
30,140,141,2,100,0,,0,2,0,0,0,0,4,30/4/2021,30/9/2021
30,148,149,2,100,0,,0,2,0,0,0,0,4,30/4/2021,30/9/2021
30,150,149,2,100,0,,0,2,0,0,0,0,4,30/4/2021,30/9/2021
30,153,154,2,100,0,,0,2,0,0,0,0,4,30/4/2021,30/9/2021
30,155,154,2,100,0,,0,2,0,0,0,0,4,30/4/2021,30/9/2021
30,160,160,2,100,0,,0,2,0,0,0,0,4,30/4/2021,30/9/2021
30,168,168,2,100,0,,0,2,0,0,0,0,4,30/4/2021,30/9/2021
30,175,176,3,100,0,,0,0,2,0,0,0,7,30/4/2021,30/9/2021
30,188,187,3,100,4,60.0,0,0,2,1,0,0,8,30/4/2021,30/9/2021
30,195,196,3,100,4,100.0,0,0,2,1,0,0,8,30/4/2021,30/9/2021
30,203,203,4,100,5,20.0,0,0,0,2,1,0,11,30/4/2021,30/9/2021
30,218,218,4,100,5,60.0,0,0,0,2,1,0,11,30/4/2021,30/9/2021
30,230,230,5,100,4,100.0,0,0,0,1,2,0,12,30/4/2021,30/9/2021
30,238,237,5,100,6,20.0,0,0,0,0,2,1,14,30/4/2021,30/9/2021
30,248,247,5,100,6,50.0,0,0,0,0,2,1,14,30/4/2021,30/9/2021
30,258,258,6,100,5,100.0,0,0,0,0,1,2,15,30/4/2021,30/9/2021
30,268,267,6,100,5,40.0,0,0,0,0,1,2,15,30/4/2021,30/9/2021
31,125,126,1,80,0,,2,0,0,0,0,0,1,30/4/2021,30/9/2021
31,135,135,2,100,0,,0,2,0,0,0,0,4,30/4/2021,30/9/2021
31,143,144,2,100,0,,0,2,0,0,0,0,4,30/4/2021,30/9/2021
31,145,144,2,100,0,,0,2,0,0,0,0,4,30/4/2021,30/9/2021
31,150,151,2,100,0,,0,2,0,0,0,0,4,30/4/2021,30/9/2021
31,155,155,2,100,0,,0,2,0,0,0,0,4,30/4/2021,30/9/2021
31,160,161,2,100,0,,0,2,0,0,0,0,4,30/4/2021,30/9/2021
31,170,170,3,100,0,,0,0,2,0,0,0,7,30/4/2021,30/9/2021
31,175,176,3,100,0,,0,0,2,0,0,0,7,30/4/2021,30/9/2021
31,188,188,3,100,4,60.0,0,0,2,1,0,0,8,30/4/2021,30/9/2021
31,198,197,4,100,5,50.0,0,0,0,2,1,0,11,30/4/2021,30/9/2021
31,203,204,4,100,5,60.0,0,0,0,2,1,0,11,30/4/2021,30/9/2021
31,205,204,4,100,5,60.0,0,0,0,2,1,0,11,30/4/2021,30/9/2021
31,218,219,4,100,5,90.0,0,0,0,2,1,0,11,30/4/2021,30/9/2021
31,220,219,4,100,5,90.0,0,0,0,2,1,0,11,30/4/2021,30/9/2021
31,230,231,5,100,4,30.0,0,0,0,1,2,0,12,30/4/2021,30/9/2021
31,238,238,5,100,6,10.0,0,0,0,0,2,1,14,30/4/2021,30/9/2021
31,248,248,5,100,6,50.0,0,0,0,0,2,1,14,30/4/2021,30/9/2021
31,258,259,6,100,5,20.0,0,0,0,0,1,2,15,30/4/2021,30/9/2021
31,260,259,6,100,5,20.0,0,0,0,0,1,2,15,30/4/2021,30/9/2021
31,270,270,6,100,0,,0,0,0,0,0,2,16,30/4/2021,30/9/2021
32,133,133,1,100,0,,2,0,0,0,0,0,1,3/5/2021,6/10/2021
32,140,141,2,100,0,,0,2,0,0,0,0,4,3/5/2021,6/10/2021
32,148,149,2,100,0,,0,2,0,0,0,0,4,3/5/2021,6/10/2021
32,150,149,2,100,0,,0,2,0,0,0,0,4,3/5/2021,6/10/2021
32,153,154,2,100,0,,0,2,0,0,0,0,4,3/5/2021,6/10/2021
32,155,154,2,100,0,,0,2,0,0,0,0,4,3/5/2021,6/10/2021
32,160,160,2,100,0,,0,2,0,0,0,0,4,3/5/2021,6/10/2021
32,168,168,2,100,0,,0,2,0,0,0,0,4,3/5/2021,6/10/2021
32,175,175,3,50,2,50.0,0,1,2,0,0,0,6,3/5/2021,6/10/2021
32,185,186,3,100,0,,0,0,2,0,0,0,7,3/5/2021,6/10/2021
32,195,195,3,100,4,100.0,0,0,2,1,0,0,8,3/5/2021,6/10/2021
32,203,202,4,100,5,20.0,0,0,0,2,1,0,11,3/5/2021,6/10/2021
32,218,217,4,100,5,60.0,0,0,0,2,1,0,11,3/5/2021,6/10/2021
32,225,226,4,100,5,90.0,0,0,0,2,1,0,11,3/5/2021,6/10/2021
32,235,236,5,100,4,10.0,0,0,0,1,2,0,12,3/5/2021,6/10/2021
32,248,247,5,100,6,20.0,0,0,0,0,2,1,14,3/5/2021,6/10/2021
32,258,257,5,100,6,50.0,0,0,0,0,2,1,14,3/5/2021,6/10/2021
32,268,267,6,100,5,100.0,0,0,0,0,1,2,15,3/5/2021,6/10/2021
33,115,116,1,10,0,,2,0,0,0,0,0,1,13/4/2021,26/9/2021
33,125,125,1,90,0,,2,0,0,0,0,0,1,13/4/2021,26/9/2021
33,133,133,2,100,0,,0,2,0,0,0,0,4,13/4/2021,26/9/2021
33,140,141,2,100,0,,0,2,0,0,0,0,4,13/4/2021,26/9/2021
33,148,148,2,100,0,,0,2,0,0,0,0,4,13/4/2021,26/9/2021
33,153,153,2,100,0,,0,2,0,0,0,0,4,13/4/2021,26/9/2021
33,158,159,2,100,0,,0,2,0,0,0,0,4,13/4/2021,26/9/2021
33,160,159,2,100,0,,0,2,0,0,0,0,4,13/4/2021,26/9/2021
33,168,167,3,100,0,,0,0,2,0,0,0,7,13/4/2021,26/9/2021
33,175,175,3,100,0,,0,0,2,0,0,0,7,13/4/2021,26/9/2021
33,185,186,4,100,0,,0,0,0,2,0,0,10,13/4/2021,26/9/2021
33,195,195,4,100,5,70.0,0,0,0,2,1,0,11,13/4/2021,26/9/2021
33,203,202,4,100,5,80.0,0,0,0,2,1,0,11,13/4/2021,26/9/2021
33,218,217,5,100,4,80.0,0,0,0,1,2,0,12,13/4/2021,26/9/2021
33,225,226,5,100,6,10.0,0,0,0,0,2,1,14,13/4/2021,26/9/2021
33,235,236,5,100,6,40.0,0,0,0,0,2,1,14,13/4/2021,26/9/2021
33,248,247,6,100,5,60.0,0,0,0,0,1,2,15,13/4/2021,26/9/2021
33,258,257,6,100,5,20.0,0,0,0,0,1,2,15,13/4/2021,26/9/2021
33,268,267,6,100,0,,0,0,0,0,0,2,16,13/4/2021,26/9/2021
34,123,123,1,100,0,,2,0,0,0,0,0,1,12/4/2021,27/9/2021
34,130,131,2,100,0,,0,2,0,0,0,0,4,12/4/2021,27/9/2021
34,140,140,2,100,0,,0,2,0,0,0,0,4,12/4/2021,27/9/2021
34,148,148,2,100,0,,0,2,0,0,0,0,4,12/4/2021,27/9/2021
34,153,153,2,100,0,,0,2,0,0,0,0,4,12/4/2021,27/9/2021
34,158,159,2,100,0,,0,2,0,0,0,0,4,12/4/2021,27/9/2021
34,160,159,2,100,0,,0,2,0,0,0,0,4,12/4/2021,27/9/2021
34,168,167,3,60,2,40.0,0,1,2,0,0,0,6,12/4/2021,27/9/2021
34,173,174,3,100,0,,0,0,2,0,0,0,7,12/4/2021,27/9/2021
34,175,174,3,100,0,,0,0,2,0,0,0,7,12/4/2021,27/9/2021
34,183,184,3,100,4,70.0,0,0,2,1,0,0,8,12/4/2021,27/9/2021
34,185,184,3,100,4,70.0,0,0,2,1,0,0,8,12/4/2021,27/9/2021
34,193,193,4,100,5,60.0,0,0,0,2,1,0,11,12/4/2021,27/9/2021
34,200,201,4,100,5,70.0,0,0,0,2,1,0,11,12/4/2021,27/9/2021
34,215,215,4,100,5,70.0,0,0,0,2,1,0,11,12/4/2021,27/9/2021
34,223,223,5,100,4,100.0,0,0,0,1,2,0,12,12/4/2021,27/9/2021
34,235,235,5,100,6,20.0,0,0,0,0,2,1,14,12/4/2021,27/9/2021
34,245,246,5,100,6,50.0,0,0,0,0,2,1,14,12/4/2021,27/9/2021
34,255,256,6,100,5,80.0,0,0,0,0,1,2,15,12/4/2021,27/9/2021
34,265,265,6,100,5,10.0,0,0,0,0,1,2,15,12/4/2021,27/9/2021
35,123,123,1,100,0,,2,0,0,0,0,0,1,12/4/2021,27/9/2021
35,130,131,2,100,0,,0,2,0,0,0,0,4,12/4/2021,27/9/2021
35,140,140,2,100,0,,0,2,0,0,0,0,4,12/4/2021,27/9/2021
35,148,148,2,100,0,,0,2,0,0,0,0,4,12/4/2021,27/9/2021
35,153,153,2,100,0,,0,2,0,0,0,0,4,12/4/2021,27/9/2021
35,158,159,2,100,0,,0,2,0,0,0,0,4,12/4/2021,27/9/2021
35,160,159,2,100,0,,0,2,0,0,0,0,4,12/4/2021,27/9/2021
35,168,167,2,100,0,,0,2,0,0,0,0,4,12/4/2021,27/9/2021
35,173,174,3,100,0,,0,0,2,0,0,0,7,12/4/2021,27/9/2021
35,175,174,3,100,0,,0,0,2,0,0,0,7,12/4/2021,27/9/2021
35,183,184,4,70,3,30.0,0,0,1,2,0,0,9,12/4/2021,27/9/2021
35,185,184,4,70,3,30.0,0,0,1,2,0,0,9,12/4/2021,27/9/2021
35,193,193,4,100,5,50.0,0,0,0,2,1,0,11,12/4/2021,27/9/2021
35,200,201,4,100,5,50.0,0,0,0,2,1,0,11,12/4/2021,27/9/2021
35,215,215,4,100,5,70.0,0,0,0,2,1,0,11,12/4/2021,27/9/2021
35,223,223,4,100,5,100.0,0,0,0,2,1,0,11,12/4/2021,27/9/2021
35,235,235,5,100,6,20.0,0,0,0,0,2,1,14,12/4/2021,27/9/2021
35,245,246,5,100,6,30.0,0,0,0,0,2,1,14,12/4/2021,27/9/2021
35,255,256,6,100,5,100.0,0,0,0,0,1,2,15,12/4/2021,27/9/2021
35,265,265,6,100,5,10.0,0,0,0,0,1,2,15,12/4/2021,27/9/2021
37,118,118,1,70,0,,2,0,0,0,0,0,1,12/4/2021,7/10/2021
37,130,130,2,100,0,,0,2,0,0,0,0,4,12/4/2021,7/10/2021
37,138,139,2,100,0,,0,2,0,0,0,0,4,12/4/2021,7/10/2021
37,140,139,2,100,0,,0,2,0,0,0,0,4,12/4/2021,7/10/2021
37,145,146,2,100,0,,0,2,0,0,0,0,4,12/4/2021,7/10/2021
37,153,152,2,100,0,,0,2,0,0,0,0,4,12/4/2021,7/10/2021
37,158,158,2,100,0,,0,2,0,0,0,0,4,12/4/2021,7/10/2021
37,163,163,2,100,0,,0,2,0,0,0,0,4,12/4/2021,7/10/2021
37,173,173,3,70,2,30.0,0,1,2,0,0,0,6,12/4/2021,7/10/2021
37,183,182,3,100,0,,0,0,2,0,0,0,7,12/4/2021,7/10/2021
37,190,191,3,100,4,70.0,0,0,2,1,0,0,8,12/4/2021,7/10/2021
37,200,200,4,100,5,60.0,0,0,0,2,1,0,11,12/4/2021,7/10/2021
37,213,213,4,100,5,60.0,0,0,0,2,1,0,11,12/4/2021,7/10/2021
37,220,221,4,100,5,80.0,0,0,0,2,1,0,11,12/4/2021,7/10/2021
37,233,232,5,100,4,100.0,0,0,0,1,2,0,12,12/4/2021,7/10/2021
37,243,244,5,100,6,20.0,0,0,0,0,2,1,14,12/4/2021,7/10/2021
37,245,244,5,100,6,20.0,0,0,0,0,2,1,14,12/4/2021,7/10/2021
37,253,254,5,100,6,30.0,0,0,0,0,2,1,14,12/4/2021,7/10/2021
37,255,254,5,100,6,30.0,0,0,0,0,2,1,14,12/4/2021,7/10/2021
37,263,263,5,100,6,70.0,0,0,0,0,2,1,14,12/4/2021,7/10/2021
38,133,133,1,100,0,,2,0,0,0,0,0,1,30/4/2021,1/10/2021
38,140,141,2,100,0,,0,2,0,0,0,0,4,30/4/2021,1/10/2021
38,148,148,2,100,0,,0,2,0,0,0,0,4,30/4/2021,1/10/2021
38,153,153,2,100,0,,0,2,0,0,0,0,4,30/4/2021,1/10/2021
38,158,159,2,100,0,,0,2,0,0,0,0,4,30/4/2021,1/10/2021
38,160,159,2,100,0,,0,2,0,0,0,0,4,30/4/2021,1/10/2021
38,168,167,2,100,0,,0,2,0,0,0,0,4,30/4/2021,1/10/2021
38,175,175,3,80,2,20.0,0,1,2,0,0,0,6,30/4/2021,1/10/2021
38,185,186,3,100,0,,0,0,2,0,0,0,7,30/4/2021,1/10/2021
38,195,195,3,100,4,100.0,0,0,2,1,0,0,8,30/4/2021,1/10/2021
38,203,202,4,100,5,20.0,0,0,0,2,1,0,11,30/4/2021,1/10/2021
38,218,217,4,100,5,60.0,0,0,0,2,1,0,11,30/4/2021,1/10/2021
38,225,226,4,100,5,80.0,0,0,0,2,1,0,11,30/4/2021,1/10/2021
38,235,236,5,100,4,40.0,0,0,0,1,2,0,12,30/4/2021,1/10/2021
38,248,247,5,100,6,30.0,0,0,0,0,2,1,14,30/4/2021,1/10/2021
38,258,257,5,100,6,50.0,0,0,0,0,2,1,14,30/4/2021,1/10/2021
38,268,267,5,100,6,100.0,0,0,0,0,2,1,14,30/4/2021,1/10/2021
39,118,118,1,20,0,,2,0,0,0,0,0,1,11/4/2021,7/10/2021
39,130,130,2,100,0,,0,2,0,0,0,0,4,11/4/2021,7/10/2021
39,138,139,2,100,0,,0,2,0,0,0,0,4,11/4/2021,7/10/2021
39,140,139,2,100,0,,0,2,0,0,0,0,4,11/4/2021,7/10/2021
39,145,145,1,80,2,20.0,2,1,0,0,0,0,2,11/4/2021,7/10/2021
39,153,152,2,100,0,,0,2,0,0,0,0,4,11/4/2021,7/10/2021
39,158,158,2,100,0,,0,2,0,0,0,0,4,11/4/2021,7/10/2021
39,163,163,2,100,0,,0,2,0,0,0,0,4,11/4/2021,7/10/2021
39,173,173,2,100,0,,0,2,0,0,0,0,4,11/4/2021,7/10/2021
39,183,182,3,100,0,,0,0,2,0,0,0,7,11/4/2021,7/10/2021
39,190,191,3,100,4,10.0,0,0,2,1,0,0,8,11/4/2021,7/10/2021
39,200,200,4,100,5,50.0,0,0,0,2,1,0,11,11/4/2021,7/10/2021
39,213,213,4,100,5,70.0,0,0,0,2,1,0,11,11/4/2021,7/10/2021
39,220,221,4,100,5,90.0,0,0,0,2,1,0,11,11/4/2021,7/10/2021
39,233,232,5,100,4,90.0,0,0,0,1,2,0,12,11/4/2021,7/10/2021
39,243,244,5,100,6,10.0,0,0,0,0,2,1,14,11/4/2021,7/10/2021
39,245,244,5,100,6,10.0,0,0,0,0,2,1,14,11/4/2021,7/10/2021
39,253,254,5,100,6,40.0,0,0,0,0,2,1,14,11/4/2021,7/10/2021
39,255,254,5,100,6,40.0,0,0,0,0,2,1,14,11/4/2021,7/10/2021
39,263,263,5,100,6,80.0,0,0,0,0,2,1,14,11/4/2021,7/10/2021
39,275,276,6,100,5,40.0,0,0,0,0,1,2,15,11/4/2021,7/10/2021
40,125,126,1,80,0,,2,0,0,0,0,0,1,30/4/2021,7/9/2021
40,133,133,1,100,0,,2,0,0,0,0,0,1,30/4/2021,7/9/2021
40,140,141,2,100,0,,0,2,0,0,0,0,4,30/4/2021,7/9/2021
40,148,149,2,100,0,,0,2,0,0,0,0,4,30/4/2021,7/9/2021
40,150,149,2,100,0,,0,2,0,0,0,0,4,30/4/2021,7/9/2021
40,153,154,2,100,0,,0,2,0,0,0,0,4,30/4/2021,7/9/2021
40,155,154,2,100,0,,0,2,0,0,0,0,4,30/4/2021,7/9/2021
40,160,160,2,100,0,,0,2,0,0,0,0,4,30/4/2021,7/9/2021
40,168,168,3,60,2,40.0,0,1,2,0,0,0,6,30/4/2021,7/9/2021
40,175,176,3,100,0,,0,0,2,0,0,0,7,30/4/2021,7/9/2021
40,188,187,3,100,4,100.0,0,0,2,1,0,0,8,30/4/2021,7/9/2021
40,195,196,4,100,5,60.0,0,0,0,2,1,0,11,30/4/2021,7/9/2021
40,198,198,3,100,4,100.0,0,0,2,1,0,0,8,30/4/2021,7/9/2021
40,203,203,4,100,5,80.0,0,0,0,2,1,0,11,30/4/2021,7/9/2021
40,218,218,5,100,4,100.0,0,0,0,1,2,0,12,30/4/2021,7/9/2021
40,230,230,5,100,4,50.0,0,0,0,1,2,0,12,30/4/2021,7/9/2021
40,238,237,5,100,6,70.0,0,0,0,0,2,1,14,30/4/2021,7/9/2021
40,248,247,6,100,5,20.0,0,0,0,0,1,2,15,30/4/2021,7/9/2021
41,133,133,1,100,0,,2,0,0,0,0,0,1,1/5/2021,25/9/2021
41,140,141,2,100,0,,0,2,0,0,0,0,4,1/5/2021,25/9/2021
41,148,149,2,100,0,,0,2,0,0,0,0,4,1/5/2021,25/9/2021
41,150,149,2,100,0,,0,2,0,0,0,0,4,1/5/2021,25/9/2021
41,153,153,2,100,0,,0,2,0,0,0,0,4,1/5/2021,25/9/2021
41,158,159,2,100,0,,0,2,0,0,0,0,4,1/5/2021,25/9/2021
41,160,159,2,100,0,,0,2,0,0,0,0,4,1/5/2021,25/9/2021
41,168,167,2,100,0,,0,2,0,0,0,0,4,1/5/2021,25/9/2021
41,175,175,3,100,0,,0,0,2,0,0,0,7,1/5/2021,25/9/2021
41,185,186,3,100,0,,0,0,2,0,0,0,7,1/5/2021,25/9/2021
41,195,195,4,100,5,30.0,0,0,0,2,1,0,11,1/5/2021,25/9/2021
41,203,202,4,100,5,50.0,0,0,0,2,1,0,11,1/5/2021,25/9/2021
41,218,217,4,100,5,80.0,0,0,0,2,1,0,11,1/5/2021,25/9/2021
41,225,226,5,100,4,100.0,0,0,0,1,2,0,12,1/5/2021,25/9/2021
41,235,236,5,100,6,20.0,0,0,0,0,2,1,14,1/5/2021,25/9/2021
41,248,247,5,100,6,70.0,0,0,0,0,2,1,14,1/5/2021,25/9/2021
41,258,257,6,100,5,30.0,0,0,0,0,1,2,15,1/5/2021,25/9/2021
41,268,267,6,100,0,,0,0,0,0,0,2,16,1/5/2021,25/9/2021
43,128,128,1,90,0,,2,0,0,0,0,0,1,1/5/2021,18/9/2021
43,138,138,2,100,0,,0,2,0,0,0,0,4,1/5/2021,18/9/2021
43,145,145,2,100,0,,0,2,0,0,0,0,4,1/5/2021,18/9/2021
43,150,151,2,100,0,,0,2,0,0,0,0,4,1/5/2021,18/9/2021
43,155,155,2,100,0,,0,2,0,0,0,0,4,1/5/2021,18/9/2021
43,160,161,2,100,0,,0,2,0,0,0,0,4,1/5/2021,18/9/2021
43,170,170,2,100,0,,0,2,0,0,0,0,4,1/5/2021,18/9/2021
43,180,180,3,100,0,,0,0,2,0,0,0,7,1/5/2021,18/9/2021
43,188,189,3,100,4,80.0,0,0,2,1,0,0,8,1/5/2021,18/9/2021
43,190,189,3,100,4,80.0,0,0,2,1,0,0,8,1/5/2021,18/9/2021
43,198,198,4,100,5,20.0,0,0,0,2,1,0,11,1/5/2021,18/9/2021
43,205,205,4,100,5,30.0,0,0,0,2,1,0,11,1/5/2021,18/9/2021
43,220,220,4,100,5,60.0,0,0,0,2,1,0,11,1/5/2021,18/9/2021
43,230,231,5,100,4,100.0,0,0,0,1,2,0,12,1/5/2021,18/9/2021
43,238,239,5,100,6,30.0,0,0,0,0,2,1,14,1/5/2021,18/9/2021
43,240,239,5,100,6,30.0,0,0,0,0,2,1,14,1/5/2021,18/9/2021
43,248,248,5,100,6,80.0,0,0,0,0,2,1,14,1/5/2021,18/9/2021
43,260,260,6,100,5,30.0,0,0,0,0,1,2,15,1/5/2021,18/9/2021
44,133,133,1,100,0,,2,0,0,0,0,0,1,3/5/2021,28/9/2021
44,140,141,2,100,0,,0,2,0,0,0,0,4,3/5/2021,28/9/2021
44,148,149,2,100,0,,0,2,0,0,0,0,4,3/5/2021,28/9/2021
44,150,149,2,100,0,,0,2,0,0,0,0,4,3/5/2021,28/9/2021
44,153,154,2,100,0,,0,2,0,0,0,0,4,3/5/2021,28/9/2021
44,155,154,2,100,0,,0,2,0,0,0,0,4,3/5/2021,28/9/2021
44,160,161,2,100,0,,0,2,0,0,0,0,4,3/5/2021,28/9/2021
44,170,170,2,100,0,,0,2,0,0,0,0,4,3/5/2021,28/9/2021
44,178,177,3,100,0,,0,0,2,0,0,0,7,3/5/2021,28/9/2021
44,188,188,3,100,0,,0,0,2,0,0,0,7,3/5/2021,28/9/2021
44,203,204,4,100,5,10.0,0,0,0,2,1,0,11,3/5/2021,28/9/2021
44,205,204,4,100,5,10.0,0,0,0,2,1,0,11,3/5/2021,28/9/2021
44,218,219,4,100,5,50.0,0,0,0,2,1,0,11,3/5/2021,28/9/2021
44,220,219,4,100,5,50.0,0,0,0,2,1,0,11,3/5/2021,28/9/2021
44,230,231,4,100,5,80.0,0,0,0,2,1,0,11,3/5/2021,28/9/2021
44,238,238,5,100,6,10.0,0,0,0,0,2,1,14,3/5/2021,28/9/2021
44,248,248,5,100,6,50.0,0,0,0,0,2,1,14,3/5/2021,28/9/2021
44,258,259,6,100,5,50.0,0,0,0,0,1,2,15,3/5/2021,28/9/2021
44,260,259,6,100,5,50.0,0,0,0,0,1,2,15,3/5/2021,28/9/2021
44,270,270,6,100,5,50.0,0,0,0,0,1,2,15,3/5/2021,28/9/2021
45,130,130,1,100,0,,2,0,0,0,0,0,1,3/5/2021,6/10/2021
45,138,139,2,100,0,,0,2,0,0,0,0,4,3/5/2021,6/10/2021
45,140,139,2,100,0,,0,2,0,0,0,0,4,3/5/2021,6/10/2021
45,145,145,2,100,0,,0,2,0,0,0,0,4,3/5/2021,6/10/2021
45,153,152,2,100,0,,0,2,0,0,0,0,4,3/5/2021,6/10/2021
45,158,158,2,100,0,,0,2,0,0,0,0,4,3/5/2021,6/10/2021
45,163,163,2,100,0,,0,2,0,0,0,0,4,3/5/2021,6/10/2021
45,173,173,3,100,0,,0,0,2,0,0,0,7,3/5/2021,6/10/2021
45,183,182,3,100,0,,0,0,2,0,0,0,7,3/5/2021,6/10/2021
45,190,191,3,100,0,,0,0,2,0,0,0,7,3/5/2021,6/10/2021
45,200,200,3,100,4,100.0,0,0,2,1,0,0,8,3/5/2021,6/10/2021
45,213,213,4,100,5,20.0,0,0,0,2,1,0,11,3/5/2021,6/10/2021
45,220,221,4,100,5,60.0,0,0,0,2,1,0,11,3/5/2021,6/10/2021
45,233,232,5,100,4,80.0,0,0,0,1,2,0,12,3/5/2021,6/10/2021
45,243,244,5,100,6,60.0,0,0,0,0,2,1,14,3/5/2021,6/10/2021
45,245,244,5,100,6,60.0,0,0,0,0,2,1,14,3/5/2021,6/10/2021
45,253,254,5,100,6,60.0,0,0,0,0,2,1,14,3/5/2021,6/10/2021
45,255,254,5,100,6,60.0,0,0,0,0,2,1,14,3/5/2021,6/10/2021
45,263,263,5,100,6,80.0,0,0,0,0,2,1,14,3/5/2021,6/10/2021
45,275,276,6,100,5,,0,0,0,0,1,2,15,3/5/2021,6/10/2021
46,130,131,2,100,0,,0,2,0,0,0,0,4,30/4/2021,19/9/2021
46,140,140,2,100,0,,0,2,0,0,0,0,4,30/4/2021,19/9/2021
46,148,148,2,100,0,,0,2,0,0,0,0,4,30/4/2021,19/9/2021
46,153,153,2,100,0,,0,2,0,0,0,0,4,30/4/2021,19/9/2021
46,158,159,2,100,0,,0,2,0,0,0,0,4,30/4/2021,19/9/2021
46,160,159,2,100,0,,0,2,0,0,0,0,4,30/4/2021,19/9/2021
46,168,167,2,100,0,,0,2,0,0,0,0,4,30/4/2021,19/9/2021
46,173,174,3,100,0,,0,0,2,0,0,0,7,30/4/2021,19/9/2021
46,175,174,3,100,0,,0,0,2,0,0,0,7,30/4/2021,19/9/2021
46,183,184,3,100,4,80.0,0,0,2,1,0,0,8,30/4/2021,19/9/2021
46,185,184,3,100,4,80.0,0,0,2,1,0,0,8,30/4/2021,19/9/2021
46,193,193,4,100,5,1.0,0,0,0,2,1,0,11,30/4/2021,19/9/2021
46,200,201,4,100,5,50.0,0,0,0,2,1,0,11,30/4/2021,19/9/2021
46,215,215,4,100,5,100.0,0,0,0,2,1,0,11,30/4/2021,19/9/2021
46,223,223,5,100,4,100.0,0,0,0,1,2,0,12,30/4/2021,19/9/2021
46,235,235,5,100,6,20.0,0,0,0,0,2,1,14,30/4/2021,19/9/2021
46,245,246,5,100,6,50.0,0,0,0,0,2,1,14,30/4/2021,19/9/2021
46,255,256,6,100,5,80.0,0,0,0,0,1,2,15,30/4/2021,19/9/2021
47,133,133,2,100,0,,0,2,0,0,0,0,4,30/4/2021,26/9/2021
47,140,141,2,100,0,,0,2,0,0,0,0,4,30/4/2021,26/9/2021
47,148,149,2,100,0,,0,2,0,0,0,0,4,30/4/2021,26/9/2021
47,150,149,2,100,0,,0,2,0,0,0,0,4,30/4/2021,26/9/2021
47,153,154,2,100,0,,0,2,0,0,0,0,4,30/4/2021,26/9/2021
47,155,154,2,100,0,,0,2,0,0,0,0,4,30/4/2021,26/9/2021
47,160,160,2,100,0,,0,2,0,0,0,0,4,30/4/2021,26/9/2021
47,168,168,2,100,0,,0,2,0,0,0,0,4,30/4/2021,26/9/2021
47,175,176,3,100,0,,0,0,2,0,0,0,7,30/4/2021,26/9/2021
47,188,187,3,100,4,60.0,0,0,2,1,0,0,8,30/4/2021,26/9/2021
47,195,196,4,100,5,10.0,0,0,0,2,1,0,11,30/4/2021,26/9/2021
47,203,203,4,100,5,50.0,0,0,0,2,1,0,11,30/4/2021,26/9/2021
47,218,218,4,100,5,80.0,0,0,0,2,1,0,11,30/4/2021,26/9/2021
47,230,230,5,100,4,100.0,0,0,0,1,2,0,12,30/4/2021,26/9/2021
47,238,237,5,100,6,10.0,0,0,0,0,2,1,14,30/4/2021,26/9/2021
47,248,247,5,100,6,40.0,0,0,0,0,2,1,14,30/4/2021,26/9/2021
47,258,258,6,100,5,80.0,0,0,0,0,1,2,15,30/4/2021,26/9/2021
47,268,267,6,100,5,20.0,0,0,0,0,1,2,15,30/4/2021,26/9/2021
49,130,130,1,100,0,,2,0,0,0,0,0,1,19/4/2021,21/9/2021
49,138,139,2,100,0,,0,2,0,0,0,0,4,19/4/2021,21/9/2021
49,140,139,2,100,0,,0,2,0,0,0,0,4,19/4/2021,21/9/2021
49,145,146,2,100,0,,0,2,0,0,0,0,4,19/4/2021,21/9/2021
49,153,152,2,100,0,,0,2,0,0,0,0,4,19/4/2021,21/9/2021
49,158,158,2,100,0,,0,2,0,0,0,0,4,19/4/2021,21/9/2021
49,163,163,2,100,0,,0,2,0,0,0,0,4,19/4/2021,21/9/2021
49,173,173,3,100,0,,0,0,2,0,0,0,7,19/4/2021,21/9/2021
49,183,183,3,100,4,30.0,0,0,2,1,0,0,8,19/4/2021,21/9/2021
49,190,191,3,100,4,100.0,0,0,2,1,0,0,8,19/4/2021,21/9/2021
49,200,200,4,100,5,60.0,0,0,0,2,1,0,11,19/4/2021,21/9/2021
49,213,214,4,100,5,90.0,0,0,0,2,1,0,11,19/4/2021,21/9/2021
49,215,214,4,100,5,90.0,0,0,0,2,1,0,11,19/4/2021,21/9/2021
49,223,222,5,100,4,100.0,0,0,0,1,2,0,12,19/4/2021,21/9/2021
49,233,233,5,100,6,20.0,0,0,0,0,2,1,14,19/4/2021,21/9/2021
49,245,245,5,100,6,70.0,0,0,0,0,2,1,14,19/4/2021,21/9/2021
49,250,250,5,100,6,80.0,0,0,0,0,2,1,14,19/4/2021,21/9/2021
49,263,264,6,100,5,100.0,0,0,0,0,1,2,15,19/4/2021,21/9/2021
49,265,264,6,100,5,100.0,0,0,0,0,1,2,15,19/4/2021,21/9/2021
50,128,128,1,100,0,,2,0,0,0,0,0,1,19/4/2021,27/9/2021
50,135,135,2,100,0,,0,2,0,0,0,0,4,19/4/2021,27/9/2021
50,143,144,2,100,0,,0,2,0,0,0,0,4,19/4/2021,27/9/2021
50,145,144,2,100,0,,0,2,0,0,0,0,4,19/4/2021,27/9/2021
50,150,151,2,100,0,,0,2,0,0,0,0,4,19/4/2021,27/9/2021
50,155,155,2,100,0,,0,2,0,0,0,0,4,19/4/2021,27/9/2021
50,160,161,2,100,0,,0,2,0,0,0,0,4,19/4/2021,27/9/2021
50,170,170,2,100,0,,0,2,0,0,0,0,4,19/4/2021,27/9/2021
50,178,177,3,100,0,,0,0,2,0,0,0,7,19/4/2021,27/9/2021
50,188,188,3,100,4,60.0,0,0,2,1,0,0,8,19/4/2021,27/9/2021
50,203,204,4,100,5,50.0,0,0,0,2,1,0,11,19/4/2021,27/9/2021
50,205,204,4,100,5,50.0,0,0,0,2,1,0,11,19/4/2021,27/9/2021
50,218,219,4,100,5,80.0,0,0,0,2,1,0,11,19/4/2021,27/9/2021
50,220,219,4,100,5,80.0,0,0,0,2,1,0,11,19/4/2021,27/9/2021
50,230,231,5,100,4,100.0,0,0,0,1,2,0,12,19/4/2021,27/9/2021
50,238,238,5,100,6,10.0,0,0,0,0,2,1,14,19/4/2021,27/9/2021
50,248,248,5,100,6,50.0,0,0,0,0,2,1,14,19/4/2021,27/9/2021
50,258,259,6,100,5,50.0,0,0,0,0,1,2,15,19/4/2021,27/9/2021
50,260,259,6,100,5,50.0,0,0,0,0,1,2,15,19/4/2021,27/9/2021
50,270,270,6,100,5,20.0,0,0,0,0,1,2,15,19/4/2021,27/9/2021
51,123,123,1,90,0,,2,0,0,0,0,0,1,19/4/2021,20/9/2021
51,130,131,2,100,0,,0,2,0,0,0,0,4,19/4/2021,20/9/2021
51,140,140,2,100,0,,0,2,0,0,0,0,4,19/4/2021,20/9/2021
51,153,153,2,100,0,,0,2,0,0,0,0,4,19/4/2021,20/9/2021
51,158,159,2,100,0,,0,2,0,0,0,0,4,19/4/2021,20/9/2021
51,160,159,2,100,0,,0,2,0,0,0,0,4,19/4/2021,20/9/2021
51,168,167,3,100,0,,0,0,2,0,0,0,7,19/4/2021,20/9/2021
51,173,174,3,100,0,,0,0,2,0,0,0,7,19/4/2021,20/9/2021
51,175,174,3,100,0,,0,0,2,0,0,0,7,19/4/2021,20/9/2021
51,183,184,3,100,4,100.0,0,0,2,1,0,0,8,19/4/2021,20/9/2021
51,185,184,3,100,4,100.0,0,0,2,1,0,0,8,19/4/2021,20/9/2021
51,193,193,4,100,5,70.0,0,0,0,2,1,0,11,19/4/2021,20/9/2021
51,200,201,4,100,5,80.0,0,0,0,2,1,0,11,19/4/2021,20/9/2021
51,215,215,5,100,4,100.0,0,0,0,1,2,0,12,19/4/2021,20/9/2021
51,223,223,5,100,4,80.0,0,0,0,1,2,0,12,19/4/2021,20/9/2021
51,235,235,5,100,6,20.0,0,0,0,0,2,1,14,19/4/2021,20/9/2021
51,245,246,5,100,6,40.0,0,0,0,0,2,1,14,19/4/2021,20/9/2021
51,255,256,6,100,5,100.0,0,0,0,0,1,2,15,19/4/2021,20/9/2021
52,125,125,1,100,0,,2,0,0,0,0,0,1,19/4/2021,27/9/2021
52,133,133,2,100,0,,0,2,0,0,0,0,4,19/4/2021,27/9/2021
52,140,141,2,100,0,,0,2,0,0,0,0,4,19/4/2021,27/9/2021
52,148,149,2,100,0,,0,2,0,0,0,0,4,19/4/2021,27/9/2021
52,150,149,2,100,0,,0,2,0,0,0,0,4,19/4/2021,27/9/2021
52,153,154,2,100,0,,0,2,0,0,0,0,4,19/4/2021,27/9/2021
52,155,154,2,100,0,,0,2,0,0,0,0,4,19/4/2021,27/9/2021
52,160,160,2,100,0,,0,2,0,0,0,0,4,19/4/2021,27/9/2021
52,168,168,3,70,2,30.0,0,1,2,0,0,0,6,19/4/2021,27/9/2021
52,175,176,3,100,0,,0,0,2,0,0,0,7,19/4/2021,27/9/2021
52,188,187,3,100,0,,0,0,2,0,0,0,7,19/4/2021,27/9/2021
52,195,196,4,100,5,80.0,0,0,0,2,1,0,11,19/4/2021,27/9/2021
52,203,203,4,100,5,90.0,0,0,0,2,1,0,11,19/4/2021,27/9/2021
52,218,218,4,100,5,100.0,0,0,0,2,1,0,11,19/4/2021,27/9/2021
52,228,228,5,100,4,100.0,0,0,0,1,2,0,12,19/4/2021,27/9/2021
52,238,237,5,100,6,20.0,0,0,0,0,2,1,14,19/4/2021,27/9/2021
52,248,247,5,100,6,50.0,0,0,0,0,2,1,14,19/4/2021,27/9/2021
52,258,258,6,100,5,80.0,0,0,0,0,1,2,15,19/4/2021,27/9/2021
52,268,267,6,100,5,30.0,0,0,0,0,1,2,15,19/4/2021,27/9/2021
53,123,123,1,90,0,,2,0,0,0,0,0,1,19/4/2021,20/9/2021
53,130,131,2,100,0,,0,2,0,0,0,0,4,19/4/2021,20/9/2021
53,140,140,2,100,0,,0,2,0,0,0,0,4,19/4/2021,20/9/2021
53,148,148,2,100,0,,0,2,0,0,0,0,4,19/4/2021,20/9/2021
53,153,153,2,100,0,,0,2,0,0,0,0,4,19/4/2021,20/9/2021
53,158,159,2,100,0,,0,2,0,0,0,0,4,19/4/2021,20/9/2021
53,160,159,2,100,0,,0,2,0,0,0,0,4,19/4/2021,20/9/2021
53,168,167,3,100,0,,0,0,2,0,0,0,7,19/4/2021,20/9/2021
53,173,174,3,100,0,,0,0,2,0,0,0,7,19/4/2021,20/9/2021
53,175,174,3,100,0,,0,0,2,0,0,0,7,19/4/2021,20/9/2021
53,183,184,3,100,4,100.0,0,0,2,1,0,0,8,19/4/2021,20/9/2021
53,185,184,3,100,4,100.0,0,0,2,1,0,0,8,19/4/2021,20/9/2021
53,193,193,4,100,5,70.0,0,0,0,2,1,0,11,19/4/2021,20/9/2021
53,200,201,4,100,5,80.0,0,0,0,2,1,0,11,19/4/2021,20/9/2021
53,215,215,5,100,4,100.0,0,0,0,1,2,0,12,19/4/2021,20/9/2021
53,223,223,5,100,4,80.0,0,0,0,1,2,0,12,19/4/2021,20/9/2021
53,235,235,5,100,6,30.0,0,0,0,0,2,1,14,19/4/2021,20/9/2021
53,245,245,5,100,6,70.0,0,0,0,0,2,1,14,19/4/2021,20/9/2021
53,255,256,6,100,5,60.0,0,0,0,0,1,2,15,19/4/2021,20/9/2021
55,130,130,2,100,0,,0,2,0,0,0,0,4,19/4/2021,20/9/2021
55,138,139,2,100,0,,0,2,0,0,0,0,4,19/4/2021,20/9/2021
55,140,139,2,100,0,,0,2,0,0,0,0,4,19/4/2021,20/9/2021
55,145,146,2,100,0,,0,2,0,0,0,0,4,19/4/2021,20/9/2021
55,153,152,2,100,0,,0,2,0,0,0,0,4,19/4/2021,20/9/2021
55,158,158,2,100,0,,0,2,0,0,0,0,4,19/4/2021,20/9/2021
55,163,163,2,100,0,,0,2,0,0,0,0,4,19/4/2021,20/9/2021
55,173,173,3,100,0,,0,0,2,0,0,0,7,19/4/2021,20/9/2021
55,183,182,3,100,0,,0,0,2,0,0,0,7,19/4/2021,20/9/2021
55,190,191,3,100,4,100.0,0,0,2,1,0,0,8,19/4/2021,20/9/2021
55,200,200,4,100,5,70.0,0,0,0,2,1,0,11,19/4/2021,20/9/2021
55,213,213,5,100,4,100.0,0,0,0,1,2,0,12,19/4/2021,20/9/2021
55,220,221,5,100,4,100.0,0,0,0,1,2,0,12,19/4/2021,20/9/2021
55,233,232,5,100,4,60.0,0,0,0,1,2,0,12,19/4/2021,20/9/2021
55,243,244,5,100,6,40.0,0,0,0,0,2,1,14,19/4/2021,20/9/2021
55,245,244,5,100,6,40.0,0,0,0,0,2,1,14,19/4/2021,20/9/2021
55,253,254,5,100,6,80.0,0,0,0,0,2,1,14,19/4/2021,20/9/2021
55,255,254,5,100,6,80.0,0,0,0,0,2,1,14,19/4/2021,20/9/2021
55,263,263,6,100,5,20.0,0,0,0,0,1,2,15,19/4/2021,20/9/2021
56,135,135,1,100,0,,2,0,0,0,0,0,1,4/5/2021,5-6/9/2021
56,143,144,2,70,1,30.0,1,2,0,0,0,0,3,4/5/2021,5-6/9/2021
56,145,144,2,70,1,30.0,1,2,0,0,0,0,3,4/5/2021,5-6/9/2021
56,150,151,2,100,0,,0,2,0,0,0,0,4,4/5/2021,5-6/9/2021
56,155,155,2,100,0,,0,2,0,0,0,0,4,4/5/2021,5-6/9/2021
56,160,160,2,100,0,,0,2,0,0,0,0,4,4/5/2021,5-6/9/2021
56,168,168,2,100,0,,0,2,0,0,0,0,4,4/5/2021,5-6/9/2021
56,175,176,3,100,0,,0,0,2,0,0,0,7,4/5/2021,5-6/9/2021
56,188,187,3,100,0,,0,0,2,0,0,0,7,4/5/2021,5-6/9/2021
56,195,196,4,100,5,10.0,0,0,0,2,1,0,11,4/5/2021,5-6/9/2021
56,198,197,4,100,5,40.0,0,0,0,2,1,0,11,4/5/2021,5-6/9/2021
56,203,203,4,100,5,30.0,0,0,0,2,1,0,11,4/5/2021,5-6/9/2021
56,218,218,4,100,5,60.0,0,0,0,2,1,0,11,4/5/2021,5-6/9/2021
56,230,230,4,100,5,100.0,0,0,0,2,1,0,11,4/5/2021,5-6/9/2021
56,238,237,5,100,6,10.0,0,0,0,0,2,1,14,4/5/2021,5-6/9/2021
56,248,247,5,100,6,40.0,0,0,0,0,2,1,14,4/5/2021,5-6/9/2021
56,258,258,6,100,5,80.0,0,0,0,0,1,2,15,4/5/2021,5-6/9/2021
56,268,267,6,100,5,20.0,0,0,0,0,1,2,15,4/5/2021,5-6/9/2021
57,130,130,1,90,0,,2,0,0,0,0,0,1,4/5/2021,25/9/2021
57,138,139,2,100,0,,0,2,0,0,0,0,4,4/5/2021,25/9/2021
57,140,139,2,100,0,,0,2,0,0,0,0,4,4/5/2021,25/9/2021
57,145,146,2,100,0,,0,2,0,0,0,0,4,4/5/2021,25/9/2021
57,153,152,2,100,0,,0,2,0,0,0,0,4,4/5/2021,25/9/2021
57,158,158,2,100,0,,0,2,0,0,0,0,4,4/5/2021,25/9/2021
57,163,163,2,100,0,,0,2,0,0,0,0,4,4/5/2021,25/9/2021
57,173,173,3,100,0,,0,0,2,0,0,0,7,4/5/2021,25/9/2021
57,183,182,3,100,0,,0,0,2,0,0,0,7,4/5/2021,25/9/2021
57,190,191,3,100,4,60.0,0,0,2,1,0,0,8,4/5/2021,25/9/2021
57,200,200,4,100,5,40.0,0,0,0,2,1,0,11,4/5/2021,25/9/2021
57,213,213,4,100,5,80.0,0,0,0,2,1,0,11,4/5/2021,25/9/2021
57,220,221,4,100,5,90.0,0,0,0,2,1,0,11,4/5/2021,25/9/2021
57,233,232,5,100,4,80.0,0,0,0,1,2,0,12,4/5/2021,25/9/2021
57,243,244,5,100,6,50.0,0,0,0,0,2,1,14,4/5/2021,25/9/2021
57,245,244,5,100,6,50.0,0,0,0,0,2,1,14,4/5/2021,25/9/2021
57,253,254,5,100,6,70.0,0,0,0,0,2,1,14,4/5/2021,25/9/2021
57,255,254,5,100,6,70.0,0,0,0,0,2,1,14,4/5/2021,25/9/2021
57,263,263,6,100,5,10.0,0,0,0,0,1,2,15,4/5/2021,25/9/2021
58,128,128,1,100,0,,2,0,0,0,0,0,1,20/4/2021,21/9/2021
58,135,135,2,100,0,,0,2,0,0,0,0,4,20/4/2021,21/9/2021
58,143,144,2,100,0,,0,2,0,0,0,0,4,20/4/2021,21/9/2021
58,145,144,2,100,0,,0,2,0,0,0,0,4,20/4/2021,21/9/2021
58,150,151,2,100,0,,0,2,0,0,0,0,4,20/4/2021,21/9/2021
58,155,155,2,100,0,,0,2,0,0,0,0,4,20/4/2021,21/9/2021
58,160,161,2,100,0,,0,2,0,0,0,0,4,20/4/2021,21/9/2021
58,170,170,3,100,0,,0,0,2,0,0,0,7,20/4/2021,21/9/2021
58,178,177,3,100,0,,0,0,2,0,0,0,7,20/4/2021,21/9/2021
58,198,197,4,100,5,70.0,0,0,0,2,1,0,11,20/4/2021,21/9/2021
58,203,204,4,100,5,80.0,0,0,0,2,1,0,11,20/4/2021,21/9/2021
58,205,204,4,100,5,80.0,0,0,0,2,1,0,11,20/4/2021,21/9/2021
58,218,219,5,100,4,100.0,0,0,0,1,2,0,12,20/4/2021,21/9/2021
58,220,219,5,100,4,100.0,0,0,0,1,2,0,12,20/4/2021,21/9/2021
58,230,231,5,100,6,20.0,0,0,0,0,2,1,14,20/4/2021,21/9/2021
58,238,238,5,100,6,40.0,0,0,0,0,2,1,14,20/4/2021,21/9/2021
58,248,248,5,100,6,80.0,0,0,0,0,2,1,14,20/4/2021,21/9/2021
58,258,259,6,100,5,10.0,0,0,0,0,1,2,15,20/4/2021,21/9/2021
58,260,259,6,100,5,10.0,0,0,0,0,1,2,15,20/4/2021,21/9/2021
60,130,130,1,70,0,,2,0,0,0,0,0,1,4/5/2021,4/10/2021
60,138,139,2,100,0,,0,2,0,0,0,0,4,4/5/2021,4/10/2021
60,140,139,2,100,0,,0,2,0,0,0,0,4,4/5/2021,4/10/2021
60,145,146,2,100,0,,0,2,0,0,0,0,4,4/5/2021,4/10/2021
60,153,152,2,100,0,,0,2,0,0,0,0,4,4/5/2021,4/10/2021
60,158,158,2,100,0,,0,2,0,0,0,0,4,4/5/2021,4/10/2021
60,163,163,2,100,0,,0,2,0,0,0,0,4,4/5/2021,4/10/2021
60,173,173,3,100,0,,0,0,2,0,0,0,7,4/5/2021,4/10/2021
60,183,183,3,100,0,,0,0,2,0,0,0,7,4/5/2021,4/10/2021
60,190,191,3,100,4,70.0,0,0,2,1,0,0,8,4/5/2021,4/10/2021
60,200,200,4,100,5,40.0,0,0,0,2,1,0,11,4/5/2021,4/10/2021
60,213,214,4,100,5,70.0,0,0,0,2,1,0,11,4/5/2021,4/10/2021
60,215,214,4,100,5,70.0,0,0,0,2,1,0,11,4/5/2021,4/10/2021
60,223,222,4,100,5,100.0,0,0,0,2,1,0,11,4/5/2021,4/10/2021
60,233,233,5,100,6,10.0,0,0,0,0,2,1,14,4/5/2021,4/10/2021
60,245,245,5,100,6,40.0,0,0,0,0,2,1,14,4/5/2021,4/10/2021
60,250,250,5,100,6,60.0,0,0,0,0,2,1,14,4/5/2021,4/10/2021
60,263,264,5,100,6,90.0,0,0,0,0,2,1,14,4/5/2021,4/10/2021
60,265,264,5,100,6,90.0,0,0,0,0,2,1,14,4/5/2021,4/10/2021
60,275,276,6,100,5,30.0,0,0,0,0,1,2,15,4/5/2021,4/10/2021
61,128,128,1,100,0,,2,0,0,0,0,0,1,29/4/2021,16/9/2021
61,138,138,2,100,0,,0,2,0,0,0,0,4,29/4/2021,16/9/2021
61,145,145,2,100,0,,0,2,0,0,0,0,4,29/4/2021,16/9/2021
61,150,151,2,100,0,,0,2,0,0,0,0,4,29/4/2021,16/9/2021
61,155,155,2,100,0,,0,2,0,0,0,0,4,29/4/2021,16/9/2021
61,160,161,2,100,0,,0,2,0,0,0,0,4,29/4/2021,16/9/2021
61,170,170,3,100,0,,0,0,2,0,0,0,7,29/4/2021,16/9/2021
61,180,180,3,100,0,,0,0,2,0,0,0,7,29/4/2021,16/9/2021
61,188,189,3,100,4,80.0,0,0,2,1,0,0,8,29/4/2021,16/9/2021
61,190,189,3,100,4,80.0,0,0,2,1,0,0,8,29/4/2021,16/9/2021
61,198,198,4,100,5,60.0,0,0,0,2,1,0,11,29/4/2021,16/9/2021
61,205,205,4,100,5,60.0,0,0,0,2,1,0,11,29/4/2021,16/9/2021
61,220,220,5,100,4,50.0,0,0,0,1,2,0,12,29/4/2021,16/9/2021
61,230,231,5,100,6,30.0,0,0,0,0,2,1,14,29/4/2021,16/9/2021
61,238,239,5,100,6,40.0,0,0,0,0,2,1,14,29/4/2021,16/9/2021
61,240,239,5,100,6,40.0,0,0,0,0,2,1,14,29/4/2021,16/9/2021
61,248,248,5,100,6,80.0,0,0,0,0,2,1,14,29/4/2021,16/9/2021
62,125,126,1,100,0,,2,0,0,0,0,0,1,29/4/2021,5/10/2021
62,138,138,2,100,0,,0,2,0,0,0,0,4,29/4/2021,5/10/2021
62,143,144,2,100,0,,0,2,0,0,0,0,4,29/4/2021,5/10/2021
62,145,144,2,100,0,,0,2,0,0,0,0,4,29/4/2021,5/10/2021
62,150,151,2,100,0,,0,2,0,0,0,0,4,29/4/2021,5/10/2021
62,155,155,2,100,0,,0,2,0,0,0,0,4,29/4/2021,5/10/2021
62,160,161,2,100,0,,0,2,0,0,0,0,4,29/4/2021,5/10/2021
62,170,170,3,70,2,30.0,0,1,2,0,0,0,6,29/4/2021,5/10/2021
62,178,177,3,100,0,,0,0,2,0,0,0,7,29/4/2021,5/10/2021
62,188,188,3,100,4,70.0,0,0,2,1,0,0,8,29/4/2021,5/10/2021
62,198,197,4,100,5,50.0,0,0,0,2,1,0,11,29/4/2021,5/10/2021
62,203,204,4,100,5,60.0,0,0,0,2,1,0,11,29/4/2021,5/10/2021
62,205,204,4,100,5,60.0,0,0,0,2,1,0,11,29/4/2021,5/10/2021
62,218,219,4,100,5,60.0,0,0,0,2,1,0,11,29/4/2021,5/10/2021
62,220,219,4,100,5,60.0,0,0,0,2,1,0,11,29/4/2021,5/10/2021
62,230,231,5,100,4,70.0,0,0,0,1,2,0,12,29/4/2021,5/10/2021
62,238,238,5,100,6,10.0,0,0,0,0,2,1,14,29/4/2021,5/10/2021
62,248,248,5,100,6,50.0,0,0,0,0,2,1,14,29/4/2021,5/10/2021
62,258,259,6,100,5,50.0,0,0,0,0,1,2,15,29/4/2021,5/10/2021
62,260,259,6,100,5,50.0,0,0,0,0,1,2,15,29/4/2021,5/10/2021
62,270,270,6,100,5,30.0,0,0,0,0,1,2,15,29/4/2021,5/10/2021
63,130,130,1,100,0,,2,0,0,0,0,0,1,4/5/2021,24/9/2021
63,138,139,2,100,0,,0,2,0,0,0,0,4,4/5/2021,24/9/2021
63,140,139,2,100,0,,0,2,0,0,0,0,4,4/5/2021,24/9/2021
63,145,146,2,100,0,,0,2,0,0,0,0,4,4/5/2021,24/9/2021
63,153,152,2,100,0,,0,2,0,0,0,0,4,4/5/2021,24/9/2021
63,158,158,2,100,0,,0,2,0,0,0,0,4,4/5/2021,24/9/2021
63,163,163,2,100,0,,0,2,0,0,0,0,4,4/5/2021,24/9/2021
63,173,173,3,100,0,,0,0,2,0,0,0,7,4/5/2021,24/9/2021
63,183,182,3,100,0,,0,0,2,0,0,0,7,4/5/2021,24/9/2021
63,190,191,3,100,4,30.0,0,0,2,1,0,0,8,4/5/2021,24/9/2021
63,200,200,4,100,5,20.0,0,0,0,2,1,0,11,4/5/2021,24/9/2021
63,213,213,4,100,5,60.0,0,0,0,2,1,0,11,4/5/2021,24/9/2021
63,220,221,4,100,5,80.0,0,0,0,2,1,0,11,4/5/2021,24/9/2021
63,233,232,5,100,4,80.0,0,0,0,1,2,0,12,4/5/2021,24/9/2021
63,243,244,5,100,6,30.0,0,0,0,0,2,1,14,4/5/2021,24/9/2021
63,245,244,5,100,6,30.0,0,0,0,0,2,1,14,4/5/2021,24/9/2021
63,253,254,5,100,6,60.0,0,0,0,0,2,1,14,4/5/2021,24/9/2021
63,255,254,5,100,6,60.0,0,0,0,0,2,1,14,4/5/2021,24/9/2021
63,263,263,6,100,5,20.0,0,0,0,0,1,2,15,4/5/2021,24/9/2021
64,125,125,1,80,0,,2,0,0,0,0,0,1,28/4/2021,20/9/2021
64,133,133,2,100,0,,0,2,0,0,0,0,4,28/4/2021,20/9/2021
64,140,141,2,100,0,,0,2,0,0,0,0,4,28/4/2021,20/9/2021
64,148,148,2,100,0,,0,2,0,0,0,0,4,28/4/2021,20/9/2021
64,153,153,2,100,0,,0,2,0,0,0,0,4,28/4/2021,20/9/2021
64,158,159,2,100,0,,0,2,0,0,0,0,4,28/4/2021,20/9/2021
64,160,159,2,100,0,,0,2,0,0,0,0,4,28/4/2021,20/9/2021
64,168,167,2,100,0,,0,2,0,0,0,0,4,28/4/2021,20/9/2021
64,175,175,3,100,0,,0,0,2,0,0,0,7,28/4/2021,20/9/2021
64,185,186,3,100,4,70.0,0,0,2,1,0,0,8,28/4/2021,20/9/2021
64,195,195,4,100,5,10.0,0,0,0,2,1,0,11,28/4/2021,20/9/2021
64,203,202,4,100,5,50.0,0,0,0,2,1,0,11,28/4/2021,20/9/2021
64,218,217,4,100,5,70.0,0,0,0,2,1,0,11,28/4/2021,20/9/2021
64,225,226,5,100,4,100.0,0,0,0,1,2,0,12,28/4/2021,20/9/2021
64,235,236,5,100,6,40.0,0,0,0,0,2,1,14,28/4/2021,20/9/2021
64,248,247,5,100,6,70.0,0,0,0,0,2,1,14,28/4/2021,20/9/2021
64,258,257,6,100,5,50.0,0,0,0,0,1,2,15,28/4/2021,20/9/2021
65,133,133,2,100,0,,0,2,0,0,0,0,4,29/4/2021,21/9/2021
65,140,141,2,100,0,,0,2,0,0,0,0,4,29/4/2021,21/9/2021
65,148,149,2,100,0,,0,2,0,0,0,0,4,29/4/2021,21/9/2021
65,150,149,2,100,0,,0,2,0,0,0,0,4,29/4/2021,21/9/2021
65,153,153,2,100,0,,0,2,0,0,0,0,4,29/4/2021,21/9/2021
65,158,159,2,100,0,,0,2,0,0,0,0,4,29/4/2021,21/9/2021
65,160,159,2,100,0,,0,2,0,0,0,0,4,29/4/2021,21/9/2021
65,168,167,2,100,0,,0,2,0,0,0,0,4,29/4/2021,21/9/2021
65,175,175,3,100,0,,0,0,2,0,0,0,7,29/4/2021,21/9/2021
65,185,186,3,100,4,10.0,0,0,2,1,0,0,8,29/4/2021,21/9/2021
65,195,195,4,100,5,10.0,0,0,0,2,1,0,11,29/4/2021,21/9/2021
65,203,202,4,100,5,50.0,0,0,0,2,1,0,11,29/4/2021,21/9/2021
65,218,217,4,100,5,80.0,0,0,0,2,1,0,11,29/4/2021,21/9/2021
65,225,226,5,100,4,50.0,0,0,0,1,2,0,12,29/4/2021,21/9/2021
65,235,236,5,100,6,40.0,0,0,0,0,2,1,14,29/4/2021,21/9/2021
65,248,247,5,100,6,70.0,0,0,0,0,2,1,14,29/4/2021,21/9/2021
65,258,257,6,100,5,10.0,0,0,0,0,1,2,15,29/4/2021,21/9/2021
66,133,133,1,100,0,,2,0,0,0,0,0,1,6/5/2021,20/9/2021
66,140,141,2,100,0,,0,2,0,0,0,0,4,6/5/2021,20/9/2021
66,148,149,2,100,0,,0,2,0,0,0,0,4,6/5/2021,20/9/2021
66,150,149,2,100,0,,0,2,0,0,0,0,4,6/5/2021,20/9/2021
66,153,154,2,100,0,,0,2,0,0,0,0,4,6/5/2021,20/9/2021
66,155,154,2,100,0,,0,2,0,0,0,0,4,6/5/2021,20/9/2021
66,158,159,2,100,0,,0,2,0,0,0,0,4,6/5/2021,20/9/2021
66,160,159,2,100,0,,0,2,0,0,0,0,4,6/5/2021,20/9/2021
66,168,167,2,100,0,,0,2,0,0,0,0,4,6/5/2021,20/9/2021
66,175,175,3,100,0,,0,0,2,0,0,0,7,6/5/2021,20/9/2021
66,185,186,3,100,0,,0,0,2,0,0,0,7,6/5/2021,20/9/2021
66,195,195,3,100,4,100.0,0,0,2,1,0,0,8,6/5/2021,20/9/2021
66,203,202,4,100,5,30.0,0,0,0,2,1,0,11,6/5/2021,20/9/2021
66,218,217,5,100,4,20.0,0,0,0,1,2,0,12,6/5/2021,20/9/2021
66,225,226,5,100,6,10.0,0,0,0,0,2,1,14,6/5/2021,20/9/2021
66,235,236,5,100,6,40.0,0,0,0,0,2,1,14,6/5/2021,20/9/2021
66,248,247,6,100,5,50.0,0,0,0,0,1,2,15,6/5/2021,20/9/2021
66,258,257,6,100,5,,0,0,0,0,1,2,15,6/5/2021,20/9/2021
67,133,133,2,100,0,,0,2,0,0,0,0,4,22/4/2021,28/9/2021
67,140,141,2,100,0,,0,2,0,0,0,0,4,22/4/2021,28/9/2021
67,148,149,2,100,0,,0,2,0,0,0,0,4,22/4/2021,28/9/2021
67,150,149,2,100,0,,0,2,0,0,0,0,4,22/4/2021,28/9/2021
67,153,154,2,100,0,,0,2,0,0,0,0,4,22/4/2021,28/9/2021
67,155,154,2,100,0,,0,2,0,0,0,0,4,22/4/2021,28/9/2021
67,160,160,2,100,0,,0,2,0,0,0,0,4,22/4/2021,28/9/2021
67,168,168,3,60,2,40.0,0,1,2,0,0,0,6,22/4/2021,28/9/2021
67,175,176,3,100,0,,0,0,2,0,0,0,7,22/4/2021,28/9/2021
67,188,187,3,100,4,70.0,0,0,2,1,0,0,8,22/4/2021,28/9/2021
67,195,196,4,100,5,50.0,0,0,0,2,1,0,11,22/4/2021,28/9/2021
67,203,203,4,100,5,60.0,0,0,0,2,1,0,11,22/4/2021,28/9/2021
67,218,218,4,100,5,80.0,0,0,0,2,1,0,11,22/4/2021,28/9/2021
67,230,230,4,100,5,100.0,0,0,0,2,1,0,11,22/4/2021,28/9/2021
67,238,237,5,100,6,20.0,0,0,0,0,2,1,14,22/4/2021,28/9/2021
67,248,247,5,100,6,60.0,0,0,0,0,2,1,14,22/4/2021,28/9/2021
67,258,258,6,100,5,40.0,0,0,0,0,1,2,15,22/4/2021,28/9/2021
67,268,267,6,100,0,,0,0,0,0,0,2,16,22/4/2021,28/9/2021
68,125,126,1,100,0,,2,0,0,0,0,0,1,22/4/2021,22/9/2021
68,135,135,2,100,0,,0,2,0,0,0,0,4,22/4/2021,22/9/2021
68,143,144,2,100,0,,0,2,0,0,0,0,4,22/4/2021,22/9/2021
68,145,144,2,100,0,,0,2,0,0,0,0,4,22/4/2021,22/9/2021
68,150,151,2,100,0,,0,2,0,0,0,0,4,22/4/2021,22/9/2021
68,155,155,2,100,0,,0,2,0,0,0,0,4,22/4/2021,22/9/2021
68,160,161,2,100,0,,0,2,0,0,0,0,4,22/4/2021,22/9/2021
68,170,170,3,100,0,,0,0,2,0,0,0,7,22/4/2021,22/9/2021
68,178,177,3,100,0,,0,0,2,0,0,0,7,22/4/2021,22/9/2021
68,188,188,3,100,4,100.0,0,0,2,1,0,0,8,22/4/2021,22/9/2021
68,198,197,4,100,5,70.0,0,0,0,2,1,0,11,22/4/2021,22/9/2021
68,203,204,4,100,5,60.0,0,0,0,2,1,0,11,22/4/2021,22/9/2021
68,205,204,4,100,5,60.0,0,0,0,2,1,0,11,22/4/2021,22/9/2021
68,218,219,5,100,4,100.0,0,0,0,1,2,0,12,22/4/2021,22/9/2021
68,220,219,5,100,4,100.0,0,0,0,1,2,0,12,22/4/2021,22/9/2021
68,230,231,5,100,6,10.0,0,0,0,0,2,1,14,22/4/2021,22/9/2021
68,238,238,5,100,6,40.0,0,0,0,0,2,1,14,22/4/2021,22/9/2021
68,248,248,5,100,6,70.0,0,0,0,0,2,1,14,22/4/2021,22/9/2021
68,258,259,6,100,5,10.0,0,0,0,0,1,2,15,22/4/2021,22/9/2021
68,260,259,6,100,5,10.0,0,0,0,0,1,2,15,22/4/2021,22/9/2021
70,130,130,2,100,0,,0,2,0,0,0,0,4,21/4/2021,21/9/2021
70,138,139,2,100,0,,0,2,0,0,0,0,4,21/4/2021,21/9/2021
70,140,139,2,100,0,,0,2,0,0,0,0,4,21/4/2021,21/9/2021
70,145,146,2,100,0,,0,2,0,0,0,0,4,21/4/2021,21/9/2021
70,153,152,2,100,0,,0,2,0,0,0,0,4,21/4/2021,21/9/2021
70,158,158,2,100,0,,0,2,0,0,0,0,4,21/4/2021,21/9/2021
70,163,163,2,100,0,,0,2,0,0,0,0,4,21/4/2021,21/9/2021
70,173,173,3,100,0,,0,0,2,0,0,0,7,21/4/2021,21/9/2021
70,183,182,3,100,0,,0,0,2,0,0,0,7,21/4/2021,21/9/2021
70,190,191,3,100,4,100.0,0,0,2,1,0,0,8,21/4/2021,21/9/2021
70,200,200,4,100,5,80.0,0,0,0,2,1,0,11,21/4/2021,21/9/2021
70,213,213,5,100,4,90.0,0,0,0,1,2,0,12,21/4/2021,21/9/2021
70,220,221,5,100,4,100.0,0,0,0,1,2,0,12,21/4/2021,21/9/2021
70,233,232,5,100,4,60.0,0,0,0,1,2,0,12,21/4/2021,21/9/2021
70,243,244,5,100,6,80.0,0,0,0,0,2,1,14,21/4/2021,21/9/2021
70,245,244,5,100,6,80.0,0,0,0,0,2,1,14,21/4/2021,21/9/2021
70,250,250,5,100,6,90.0,0,0,0,0,2,1,14,21/4/2021,21/9/2021
70,263,263,6,100,5,,0,0,0,0,1,2,15,21/4/2021,21/9/2021
71,123,123,1,100,0,,2,0,0,0,0,0,1,21/4/2021,30/9/2021
71,130,131,2,100,0,,0,2,0,0,0,0,4,21/4/2021,30/9/2021
71,140,140,2,100,0,,0,2,0,0,0,0,4,21/4/2021,30/9/2021
71,148,148,2,100,0,,0,2,0,0,0,0,4,21/4/2021,30/9/2021
71,153,153,2,100,0,,0,2,0,0,0,0,4,21/4/2021,30/9/2021
71,158,159,2,100,0,,0,2,0,0,0,0,4,21/4/2021,30/9/2021
71,160,159,2,100,0,,0,2,0,0,0,0,4,21/4/2021,30/9/2021
71,168,167,3,100,0,,0,0,2,0,0,0,7,21/4/2021,30/9/2021
71,173,174,3,100,0,,0,0,2,0,0,0,7,21/4/2021,30/9/2021
71,175,174,3,100,0,,0,0,2,0,0,0,7,21/4/2021,30/9/2021
71,183,184,3,100,4,100.0,0,0,2,1,0,0,8,21/4/2021,30/9/2021
71,185,184,3,100,4,100.0,0,0,2,1,0,0,8,21/4/2021,30/9/2021
71,193,193,4,100,5,60.0,0,0,0,2,1,0,11,21/4/2021,30/9/2021
71,200,201,4,100,5,70.0,0,0,0,2,1,0,11,21/4/2021,30/9/2021
71,215,215,5,100,4,60.0,0,0,0,1,2,0,12,21/4/2021,30/9/2021
71,223,223,5,100,4,60.0,0,0,0,1,2,0,12,21/4/2021,30/9/2021
71,235,235,5,100,6,10.0,0,0,0,0,2,1,14,21/4/2021,30/9/2021
71,245,246,5,100,6,40.0,0,0,0,0,2,1,14,21/4/2021,30/9/2021
71,255,256,6,100,5,80.0,0,0,0,0,1,2,15,21/4/2021,30/9/2021
71,265,265,6,100,5,10.0,0,0,0,0,1,2,15,21/4/2021,30/9/2021
72,130,130,2,80,1,20.0,1,2,0,0,0,0,3,21/4/2021,5/10/2021
72,138,139,2,100,0,,0,2,0,0,0,0,4,21/4/2021,5/10/2021
72,140,139,2,100,0,,0,2,0,0,0,0,4,21/4/2021,5/10/2021
72,145,146,2,100,0,,0,2,0,0,0,0,4,21/4/2021,5/10/2021
72,153,152,2,100,0,,0,2,0,0,0,0,4,21/4/2021,5/10/2021
72,158,158,2,100,0,,0,2,0,0,0,0,4,21/4/2021,5/10/2021
72,163,163,2,100,0,,0,2,0,0,0,0,4,21/4/2021,5/10/2021
72,173,173,3,100,0,,0,0,2,0,0,0,7,21/4/2021,5/10/2021
72,183,182,3,100,0,,0,0,2,0,0,0,7,21/4/2021,5/10/2021
72,190,191,3,100,4,30.0,0,0,2,1,0,0,8,21/4/2021,5/10/2021
72,200,200,4,100,5,60.0,0,0,0,2,1,0,11,21/4/2021,5/10/2021
72,213,213,4,100,5,90.0,0,0,0,2,1,0,11,21/4/2021,5/10/2021
72,220,221,5,100,4,100.0,0,0,0,1,2,0,12,21/4/2021,5/10/2021
72,233,232,5,100,4,70.0,0,0,0,1,2,0,12,21/4/2021,5/10/2021
72,243,244,5,100,6,70.0,0,0,0,0,2,1,14,21/4/2021,5/10/2021
72,245,244,5,100,6,70.0,0,0,0,0,2,1,14,21/4/2021,5/10/2021
72,253,254,5,100,6,80.0,0,0,0,0,2,1,14,21/4/2021,5/10/2021
72,255,254,5,100,6,80.0,0,0,0,0,2,1,14,21/4/2021,5/10/2021
72,263,263,6,100,5,20.0,0,0,0,0,1,2,15,21/4/2021,5/10/2021
72,275,276,6,100,5,,0,0,0,0,1,2,15,21/4/2021,5/10/2021
73,123,123,1,80,0,,2,0,0,0,0,0,1,20/4/2021,24/9/2021
73,130,131,2,100,0,,0,2,0,0,0,0,4,20/4/2021,24/9/2021
73,140,140,2,100,0,,0,2,0,0,0,0,4,20/4/2021,24/9/2021
73,148,148,2,100,0,,0,2,0,0,0,0,4,20/4/2021,24/9/2021
73,153,153,2,100,0,,0,2,0,0,0,0,4,20/4/2021,24/9/2021
73,158,159,2,100,0,,0,2,0,0,0,0,4,20/4/2021,24/9/2021
73,160,159,2,100,0,,0,2,0,0,0,0,4,20/4/2021,24/9/2021
73,168,167,2,100,0,,0,2,0,0,0,0,4,20/4/2021,24/9/2021
73,173,174,3,100,0,,0,0,2,0,0,0,7,20/4/2021,24/9/2021
73,175,174,3,100,0,,0,0,2,0,0,0,7,20/4/2021,24/9/2021
73,183,184,3,100,0,,0,0,2,0,0,0,7,20/4/2021,24/9/2021
73,185,184,3,100,0,,0,0,2,0,0,0,7,20/4/2021,24/9/2021
73,193,194,4,100,5,50.0,0,0,0,2,1,0,11,20/4/2021,24/9/2021
73,195,194,4,100,5,50.0,0,0,0,2,1,0,11,20/4/2021,24/9/2021
73,208,208,4,100,5,60.0,0,0,0,2,1,0,11,20/4/2021,24/9/2021
73,215,216,4,100,5,80.0,0,0,0,2,1,0,11,20/4/2021,24/9/2021
73,223,224,4,100,5,100.0,0,0,0,2,1,0,11,20/4/2021,24/9/2021
73,225,224,4,100,5,100.0,0,0,0,2,1,0,11,20/4/2021,24/9/2021
73,233,234,5,100,6,10.0,0,0,0,0,2,1,14,20/4/2021,24/9/2021
73,235,234,5,100,6,10.0,0,0,0,0,2,1,14,20/4/2021,24/9/2021
73,245,245,5,100,6,40.0,0,0,0,0,2,1,14,20/4/2021,24/9/2021
73,255,255,5,100,6,70.0,0,0,0,0,2,1,14,20/4/2021,24/9/2021
73,265,265,6,100,5,10.0,0,0,0,0,1,2,15,20/4/2021,24/9/2021
75,123,123,1,100,0,,2,0,0,0,0,0,1,21/4/2021,
75,130,131,2,90,1,10.0,1,2,0,0,0,0,3,21/4/2021,
75,140,140,2,100,0,,0,2,0,0,0,0,4,21/4/2021,
75,148,148,2,100,0,,0,2,0,0,0,0,4,21/4/2021,
75,153,153,2,100,0,,0,2,0,0,0,0,4,21/4/2021,
75,158,159,2,100,0,,0,2,0,0,0,0,4,21/4/2021,
75,160,159,2,100,0,,0,2,0,0,0,0,4,21/4/2021,
75,168,167,2,100,0,,0,2,0,0,0,0,4,21/4/2021,
75,173,174,3,100,0,,0,0,2,0,0,0,7,21/4/2021,
75,175,174,3,100,0,,0,0,2,0,0,0,7,21/4/2021,
75,183,184,3,100,4,50.0,0,0,2,1,0,0,8,21/4/2021,
75,185,184,3,100,4,50.0,0,0,2,1,0,0,8,21/4/2021,
75,193,194,4,100,5,60.0,0,0,0,2,1,0,11,21/4/2021,
75,195,194,4,100,5,60.0,0,0,0,2,1,0,11,21/4/2021,
75,200,201,4,100,5,60.0,0,0,0,2,1,0,11,21/4/2021,
75,215,216,4,100,5,80.0,0,0,0,2,1,0,11,21/4/2021,
75,223,224,5,100,4,100.0,0,0,0,1,2,0,12,21/4/2021,
75,225,224,5,100,4,100.0,0,0,0,1,2,0,12,21/4/2021,
75,233,234,5,100,6,10.0,0,0,0,0,2,1,14,21/4/2021,
75,235,234,5,100,6,10.0,0,0,0,0,2,1,14,21/4/2021,
75,245,245,5,100,6,40.0,0,0,0,0,2,1,14,21/4/2021,
75,255,255,5,100,6,80.0,0,0,0,0,2,1,14,21/4/2021,
76,123,123,1,100,0,,2,0,0,0,0,0,1,19/4/2021,16/9/2021
76,130,131,2,100,0,,0,2,0,0,0,0,4,19/4/2021,16/9/2021
76,140,140,2,100,0,,0,2,0,0,0,0,4,19/4/2021,16/9/2021
76,148,148,2,100,0,,0,2,0,0,0,0,4,19/4/2021,16/9/2021
76,153,153,2,100,0,,0,2,0,0,0,0,4,19/4/2021,16/9/2021
76,158,159,2,100,0,,0,2,0,0,0,0,4,19/4/2021,16/9/2021
76,160,159,2,100,0,,0,2,0,0,0,0,4,19/4/2021,16/9/2021
76,168,167,2,100,0,,0,2,0,0,0,0,4,19/4/2021,16/9/2021
76,173,174,3,100,0,,0,0,2,0,0,0,7,19/4/2021,16/9/2021
76,175,174,3,100,0,,0,0,2,0,0,0,7,19/4/2021,16/9/2021
76,183,184,3,100,4,60.0,0,0,2,1,0,0,8,19/4/2021,16/9/2021
76,185,184,3,100,4,60.0,0,0,2,1,0,0,8,19/4/2021,16/9/2021
76,193,194,4,100,5,70.0,0,0,0,2,1,0,11,19/4/2021,16/9/2021
76,195,194,4,100,5,70.0,0,0,0,2,1,0,11,19/4/2021,16/9/2021
76,200,201,4,100,5,70.0,0,0,0,2,1,0,11,19/4/2021,16/9/2021
76,215,216,5,100,4,70.0,0,0,0,1,2,0,12,19/4/2021,16/9/2021
76,223,224,5,100,6,10.0,0,0,0,0,2,1,14,19/4/2021,16/9/2021
76,225,224,5,100,6,10.0,0,0,0,0,2,1,14,19/4/2021,16/9/2021
76,233,234,5,100,6,10.0,0,0,0,0,2,1,14,19/4/2021,16/9/2021
76,235,234,5,100,6,10.0,0,0,0,0,2,1,14,19/4/2021,16/9/2021
76,245,245,6,100,5,30.0,0,0,0,0,1,2,15,19/4/2021,16/9/2021
76,255,255,6,100,5,60.0,0,0,0,0,1,2,15,19/4/2021,16/9/2021
77,128,128,1,100,0,,2,0,0,0,0,0,1,1/5/2021,18/9/2021
77,138,138,2,100,0,,0,2,0,0,0,0,4,1/5/2021,18/9/2021
77,145,145,2,100,0,,0,2,0,0,0,0,4,1/5/2021,18/9/2021
77,150,151,2,100,0,,0,2,0,0,0,0,4,1/5/2021,18/9/2021
77,155,155,2,100,0,,0,2,0,0,0,0,4,1/5/2021,18/9/2021
77,160,161,2,100,0,,0,2,0,0,0,0,4,1/5/2021,18/9/2021
77,170,170,2,100,0,,0,2,0,0,0,0,4,1/5/2021,18/9/2021
77,180,180,3,100,0,,0,0,2,0,0,0,7,1/5/2021,18/9/2021
77,188,189,3,100,4,10.0,0,0,2,1,0,0,8,1/5/2021,18/9/2021
77,190,189,3,100,4,10.0,0,0,2,1,0,0,8,1/5/2021,18/9/2021
77,198,198,4,100,5,70.0,0,0,0,2,1,0,11,1/5/2021,18/9/2021
77,205,205,4,100,5,70.0,0,0,0,2,1,0,11,1/5/2021,18/9/2021
77,220,220,5,100,4,100.0,0,0,0,1,2,0,12,1/5/2021,18/9/2021
77,230,231,5,100,6,10.0,0,0,0,0,2,1,14,1/5/2021,18/9/2021
77,238,239,5,100,6,20.0,0,0,0,0,2,1,14,1/5/2021,18/9/2021
77,240,239,5,100,6,20.0,0,0,0,0,2,1,14,1/5/2021,18/9/2021
77,248,248,5,100,6,70.0,0,0,0,0,2,1,14,1/5/2021,18/9/2021
77,260,260,6,100,5,10.0,0,0,0,0,1,2,15,1/5/2021,18/9/2021
79,133,133,1,100,0,,2,0,0,0,0,0,1,1/5/2021,27/9/2021
79,140,141,2,100,0,,0,2,0,0,0,0,4,1/5/2021,27/9/2021
79,148,149,2,100,0,,0,2,0,0,0,0,4,1/5/2021,27/9/2021
79,150,149,2,100,0,,0,2,0,0,0,0,4,1/5/2021,27/9/2021
79,153,154,2,100,0,,0,2,0,0,0,0,4,1/5/2021,27/9/2021
79,155,154,2,100,0,,0,2,0,0,0,0,4,1/5/2021,27/9/2021
79,160,160,2,100,0,,0,2,0,0,0,0,4,1/5/2021,27/9/2021
79,168,168,2,100,0,,0,2,0,0,0,0,4,1/5/2021,27/9/2021
79,175,176,3,100,0,,0,0,2,0,0,0,7,1/5/2021,27/9/2021
79,188,187,3,100,4,90.0,0,0,2,1,0,0,8,1/5/2021,27/9/2021
79,195,196,3,100,4,100.0,0,0,2,1,0,0,8,1/5/2021,27/9/2021
79,203,203,4,100,5,10.0,0,0,0,2,1,0,11,1/5/2021,27/9/2021
79,218,218,4,100,5,50.0,0,0,0,2,1,0,11,1/5/2021,27/9/2021
79,230,230,4,100,5,100.0,0,0,0,2,1,0,11,1/5/2021,27/9/2021
79,238,237,5,100,6,10.0,0,0,0,0,2,1,14,1/5/2021,27/9/2021
79,248,247,5,100,6,40.0,0,0,0,0,2,1,14,1/5/2021,27/9/2021
79,258,258,6,100,5,70.0,0,0,0,0,1,2,15,1/5/2021,27/9/2021
79,268,267,6,100,5,20.0,0,0,0,0,1,2,15,1/5/2021,27/9/2021
80,130,130,1,80,0,,2,0,0,0,0,0,1,4/4/2021,27/9/2021
80,138,139,1,100,0,,2,0,0,0,0,0,1,4/4/2021,27/9/2021
80,140,139,1,100,0,,2,0,0,0,0,0,1,4/4/2021,27/9/2021
80,145,146,2,100,0,,0,2,0,0,0,0,4,4/4/2021,27/9/2021
80,153,152,2,100,0,,0,2,0,0,0,0,4,4/4/2021,27/9/2021
80,158,158,2,100,0,,0,2,0,0,0,0,4,4/4/2021,27/9/2021
80,163,163,2,100,0,,0,2,0,0,0,0,4,4/4/2021,27/9/2021
80,183,183,3,100,0,,0,0,2,0,0,0,7,4/4/2021,27/9/2021
80,190,191,3,100,4,80.0,0,0,2,1,0,0,8,4/4/2021,27/9/2021
80,200,200,4,100,5,20.0,0,0,0,2,1,0,11,4/4/2021,27/9/2021
80,208,209,4,100,5,60.0,0,0,0,2,1,0,11,4/4/2021,27/9/2021
80,210,209,4,100,5,60.0,0,0,0,2,1,0,11,4/4/2021,27/9/2021
80,213,213,4,100,5,60.0,0,0,0,2,1,0,11,4/4/2021,27/9/2021
80,220,221,4,100,5,80.0,0,0,0,2,1,0,11,4/4/2021,27/9/2021
80,233,232,5,100,4,50.0,0,0,0,1,2,0,12,4/4/2021,27/9/2021
80,243,244,5,100,6,30.0,0,0,0,0,2,1,14,4/4/2021,27/9/2021
80,245,244,5,100,6,30.0,0,0,0,0,2,1,14,4/4/2021,27/9/2021
80,253,254,5,100,6,60.0,0,0,0,0,2,1,14,4/4/2021,27/9/2021
80,255,254,5,100,6,60.0,0,0,0,0,2,1,14,4/4/2021,27/9/2021
80,263,263,6,100,5,30.0,0,0,0,0,1,2,15,4/4/2021,27/9/2021
82,138,139,1,100,0,,2,0,0,0,0,0,1,9/5/2021,27/9/2021
82,140,139,1,100,0,,2,0,0,0,0,0,1,9/5/2021,27/9/2021
82,145,146,1,80,2,20.0,2,1,0,0,0,0,2,9/5/2021,27/9/2021
82,153,152,2,90,1,10.0,1,2,0,0,0,0,3,9/5/2021,27/9/2021
82,158,158,2,100,0,,0,2,0,0,0,0,4,9/5/2021,27/9/2021
82,163,163,2,100,0,,0,2,0,0,0,0,4,9/5/2021,27/9/2021
82,183,183,3,100,0,,0,0,2,0,0,0,7,9/5/2021,27/9/2021
82,190,191,3,100,0,,0,0,2,0,0,0,7,9/5/2021,27/9/2021
82,200,200,3,100,4,100.0,0,0,2,1,0,0,8,9/5/2021,27/9/2021
82,208,209,4,100,5,20.0,0,0,0,2,1,0,11,9/5/2021,27/9/2021
82,210,209,4,100,5,20.0,0,0,0,2,1,0,11,9/5/2021,27/9/2021
82,213,213,4,100,5,50.0,0,0,0,2,1,0,11,9/5/2021,27/9/2021
82,220,221,4,100,5,70.0,0,0,0,2,1,0,11,9/5/2021,27/9/2021
82,233,232,4,100,5,90.0,0,0,0,2,1,0,11,9/5/2021,27/9/2021
82,243,244,5,100,6,10.0,0,0,0,0,2,1,14,9/5/2021,27/9/2021
82,245,244,5,100,6,10.0,0,0,0,0,2,1,14,9/5/2021,27/9/2021
82,253,254,5,100,6,40.0,0,0,0,0,2,1,14,9/5/2021,27/9/2021
82,255,254,5,100,6,40.0,0,0,0,0,2,1,14,9/5/2021,27/9/2021
82,263,263,6,100,5,70.0,0,0,0,0,1,2,15,9/5/2021,27/9/2021
84,133,133,1,100,0,,2,0,0,0,0,0,1,3/5/2021,27/9/2021
84,140,141,2,100,0,,0,2,0,0,0,0,4,3/5/2021,27/9/2021
84,148,149,2,100,0,,0,2,0,0,0,0,4,3/5/2021,27/9/2021
84,150,149,2,100,0,,0,2,0,0,0,0,4,3/5/2021,27/9/2021
84,153,154,2,100,0,,0,2,0,0,0,0,4,3/5/2021,27/9/2021
84,155,154,2,100,0,,0,2,0,0,0,0,4,3/5/2021,27/9/2021
84,160,160,2,100,0,,0,2,0,0,0,0,4,3/5/2021,27/9/2021
84,168,168,2,100,0,,0,2,0,0,0,0,4,3/5/2021,27/9/2021
84,175,175,3,100,0,,0,0,2,0,0,0,7,3/5/2021,27/9/2021
84,185,186,3,100,4,50.0,0,0,2,1,0,0,8,3/5/2021,27/9/2021
84,195,196,4,100,5,60.0,0,0,0,2,1,0,11,3/5/2021,27/9/2021
84,203,203,4,100,5,80.0,0,0,0,2,1,0,11,3/5/2021,27/9/2021
84,218,218,4,100,5,90.0,0,0,0,2,1,0,11,3/5/2021,27/9/2021
84,225,226,5,100,4,50.0,0,0,0,1,2,0,12,3/5/2021,27/9/2021
84,235,236,5,100,6,10.0,0,0,0,0,2,1,14,3/5/2021,27/9/2021
84,248,247,5,100,6,50.0,0,0,0,0,2,1,14,3/5/2021,27/9/2021
84,258,257,6,100,5,10.0,0,0,0,0,1,2,15,3/5/2021,27/9/2021
85,130,130,1,60,2,40.0,2,1,0,0,0,0,2,3/5/2021,27/9/2021
85,138,139,2,100,0,,0,2,0,0,0,0,4,3/5/2021,27/9/2021
85,140,139,2,100,0,,0,2,0,0,0,0,4,3/5/2021,27/9/2021
85,145,146,2,100,0,,0,2,0,0,0,0,4,3/5/2021,27/9/2021
85,158,158,2,100,0,,0,2,0,0,0,0,4,3/5/2021,27/9/2021
85,163,163,2,100,0,,0,2,0,0,0,0,4,3/5/2021,27/9/2021
85,173,173,3,100,0,,0,0,2,0,0,0,7,3/5/2021,27/9/2021
85,183,183,3,100,0,,0,0,2,0,0,0,7,3/5/2021,27/9/2021
85,190,191,3,100,4,100.0,0,0,2,1,0,0,8,3/5/2021,27/9/2021
85,200,200,4,100,5,30.0,0,0,0,2,1,0,11,3/5/2021,27/9/2021
85,213,214,4,100,5,60.0,0,0,0,2,1,0,11,3/5/2021,27/9/2021
85,215,214,4,100,5,60.0,0,0,0,2,1,0,11,3/5/2021,27/9/2021
85,223,223,4,100,5,90.0,0,0,0,2,1,0,11,3/5/2021,27/9/2021
85,233,233,5,100,4,100.0,0,0,0,1,2,0,12,3/5/2021,27/9/2021
85,243,244,5,100,6,50.0,0,0,0,0,2,1,14,3/5/2021,27/9/2021
85,245,244,5,100,6,50.0,0,0,0,0,2,1,14,3/5/2021,27/9/2021
85,250,250,5,100,6,70.0,0,0,0,0,2,1,14,3/5/2021,27/9/2021
85,263,264,6,100,5,20.0,0,0,0,0,1,2,15,3/5/2021,27/9/2021
85,265,264,6,100,5,20.0,0,0,0,0,1,2,15,3/5/2021,27/9/2021
86,125,125,1,90,0,,2,0,0,0,0,0,1,29/4/2021,28/9/2021
86,133,133,1,100,0,,2,0,0,0,0,0,1,29/4/2021,28/9/2021
86,140,141,2,100,0,,0,2,0,0,0,0,4,29/4/2021,28/9/2021
86,148,149,2,100,0,,0,2,0,0,0,0,4,29/4/2021,28/9/2021
86,150,149,2,100,0,,0,2,0,0,0,0,4,29/4/2021,28/9/2021
86,153,154,2,100,0,,0,2,0,0,0,0,4,29/4/2021,28/9/2021
86,155,154,2,100,0,,0,2,0,0,0,0,4,29/4/2021,28/9/2021
86,160,160,2,100,0,,0,2,0,0,0,0,4,29/4/2021,28/9/2021
86,168,168,2,100,0,,0,2,0,0,0,0,4,29/4/2021,28/9/2021
86,175,175,3,100,0,,0,0,2,0,0,0,7,29/4/2021,28/9/2021
86,185,186,3,100,4,80.0,0,0,2,1,0,0,8,29/4/2021,28/9/2021
86,195,195,3,100,4,100.0,0,0,2,1,0,0,8,29/4/2021,28/9/2021
86,203,202,4,100,5,20.0,0,0,0,2,1,0,11,29/4/2021,28/9/2021
86,218,217,4,100,5,70.0,0,0,0,2,1,0,11,29/4/2021,28/9/2021
86,225,226,5,100,4,100.0,0,0,0,1,2,0,12,29/4/2021,28/9/2021
86,235,236,5,100,6,10.0,0,0,0,0,2,1,14,29/4/2021,28/9/2021
86,248,247,5,100,6,60.0,0,0,0,0,2,1,14,29/4/2021,28/9/2021
86,258,257,6,100,5,20.0,0,0,0,0,1,2,15,29/4/2021,28/9/2021
86,268,267,6,100,0,,0,0,0,0,0,2,16,29/4/2021,28/9/2021
88,130,131,2,100,0,,0,2,0,0,0,0,4,29/4/2021,21/9/2021
88,140,140,2,100,0,,0,2,0,0,0,0,4,29/4/2021,21/9/2021
88,148,148,2,100,0,,0,2,0,0,0,0,4,29/4/2021,21/9/2021
88,153,153,2,100,0,,0,2,0,0,0,0,4,29/4/2021,21/9/2021
88,158,159,2,100,0,,0,2,0,0,0,0,4,29/4/2021,21/9/2021
88,160,159,2,100,0,,0,2,0,0,0,0,4,29/4/2021,21/9/2021
88,168,167,2,100,0,,0,2,0,0,0,0,4,29/4/2021,21/9/2021
88,173,174,3,100,0,,0,0,2,0,0,0,7,29/4/2021,21/9/2021
88,175,174,3,100,0,,0,0,2,0,0,0,7,29/4/2021,21/9/2021
88,183,184,3,100,4,,0,0,2,1,0,0,8,29/4/2021,21/9/2021
88,185,184,3,100,4,,0,0,2,1,0,0,8,29/4/2021,21/9/2021
88,193,193,4,100,5,50.0,0,0,0,2,1,0,11,29/4/2021,21/9/2021
88,200,201,4,100,5,60.0,0,0,0,2,1,0,11,29/4/2021,21/9/2021
88,215,215,4,100,5,100.0,0,0,0,2,1,0,11,29/4/2021,21/9/2021
88,223,223,5,100,4,100.0,0,0,0,1,2,0,12,29/4/2021,21/9/2021
88,235,235,5,100,6,10.0,0,0,0,0,2,1,14,29/4/2021,21/9/2021
88,245,246,5,100,6,40.0,0,0,0,0,2,1,14,29/4/2021,21/9/2021
88,255,256,6,100,5,90.0,0,0,0,0,1,2,15,29/4/2021,21/9/2021
89,130,130,1,100,0,,2,0,0,0,0,0,1,29/4/2021,    
89,138,139,2,100,0,,0,2,0,0,0,0,4,29/4/2021,    
89,140,139,2,100,0,,0,2,0,0,0,0,4,29/4/2021,    
89,145,145,2,100,0,,0,2,0,0,0,0,4,29/4/2021,    
89,153,152,2,100,0,,0,2,0,0,0,0,4,29/4/2021,    
89,158,158,2,100,0,,0,2,0,0,0,0,4,29/4/2021,    
89,163,163,2,100,0,,0,2,0,0,0,0,4,29/4/2021,    
89,173,173,3,100,0,,0,0,2,0,0,0,7,29/4/2021,    
89,183,182,3,100,0,,0,0,2,0,0,0,7,29/4/2021,    
89,190,191,3,100,4,80.0,0,0,2,1,0,0,8,29/4/2021,    
89,200,200,4,100,5,40.0,0,0,0,2,1,0,11,29/4/2021,    
89,208,207,4,100,5,60.0,0,0,0,2,1,0,11,29/4/2021,    
89,213,213,4,100,5,70.0,0,0,0,2,1,0,11,29/4/2021,    
89,220,220,4,100,5,50.0,0,0,0,2,1,0,11,29/4/2021,    
89,230,231,5,100,6,30.0,0,0,0,0,2,1,14,29/4/2021,    
89,243,244,5,100,6,40.0,0,0,0,0,2,1,14,29/4/2021,    
89,245,244,5,100,6,40.0,0,0,0,0,2,1,14,29/4/2021,    
89,250,250,5,100,6,80.0,0,0,0,0,2,1,14,29/4/2021,    
89,263,263,6,100,5,,0,0,0,0,1,2,15,29/4/2021,    
90,130,131,2,100,0,,0,2,0,0,0,0,4,29/4/2021,2/10/2021
90,140,140,2,100,0,,0,2,0,0,0,0,4,29/4/2021,2/10/2021
90,148,148,2,100,0,,0,2,0,0,0,0,4,29/4/2021,2/10/2021
90,153,153,2,100,0,,0,2,0,0,0,0,4,29/4/2021,2/10/2021
90,158,159,2,100,0,,0,2,0,0,0,0,4,29/4/2021,2/10/2021
90,160,159,2,100,0,,0,2,0,0,0,0,4,29/4/2021,2/10/2021
90,168,167,2,100,0,,0,2,0,0,0,0,4,29/4/2021,2/10/2021
90,173,174,3,100,0,,0,0,2,0,0,0,7,29/4/2021,2/10/2021
90,175,174,3,100,0,,0,0,2,0,0,0,7,29/4/2021,2/10/2021
90,183,184,3,100,0,,0,0,2,0,0,0,7,29/4/2021,2/10/2021
90,185,184,3,100,0,,0,0,2,0,0,0,7,29/4/2021,2/10/2021
90,193,194,3,100,4,100.0,0,0,2,1,0,0,8,29/4/2021,2/10/2021
90,195,194,3,100,4,100.0,0,0,2,1,0,0,8,29/4/2021,2/10/2021
90,208,207,4,100,5,60.0,0,0,0,2,1,0,11,29/4/2021,2/10/2021
90,215,216,4,100,5,80.0,0,0,0,2,1,0,11,29/4/2021,2/10/2021
90,223,223,5,100,4,60.0,0,0,0,1,2,0,12,29/4/2021,2/10/2021
90,235,235,5,100,6,,0,0,0,0,2,1,14,29/4/2021,2/10/2021
90,245,246,5,100,6,30.0,0,0,0,0,2,1,14,29/4/2021,2/10/2021
90,255,256,5,100,6,80.0,0,0,0,0,2,1,14,29/4/2021,2/10/2021
90,265,265,6,100,5,40.0,0,0,0,0,1,2,15,29/4/2021,2/10/2021
91,130,131,2,100,0,,0,2,0,0,0,0,4,29/4/2021,27/9/2021
91,140,140,2,100,0,,0,2,0,0,0,0,4,29/4/2021,27/9/2021
91,148,148,2,100,0,,0,2,0,0,0,0,4,29/4/2021,27/9/2021
91,153,153,2,100,0,,0,2,0,0,0,0,4,29/4/2021,27/9/2021
91,158,159,2,100,0,,0,2,0,0,0,0,4,29/4/2021,27/9/2021
91,160,159,2,100,0,,0,2,0,0,0,0,4,29/4/2021,27/9/2021
91,168,167,2,100,0,,0,2,0,0,0,0,4,29/4/2021,27/9/2021
91,173,174,3,100,0,,0,0,2,0,0,0,7,29/4/2021,27/9/2021
91,175,174,3,100,0,,0,0,2,0,0,0,7,29/4/2021,27/9/2021
91,183,184,3,100,0,,0,0,2,0,0,0,7,29/4/2021,27/9/2021
91,185,184,3,100,0,,0,0,2,0,0,0,7,29/4/2021,27/9/2021
91,193,194,3,100,4,100.0,0,0,2,1,0,0,8,29/4/2021,27/9/2021
91,195,194,3,100,4,100.0,0,0,2,1,0,0,8,29/4/2021,27/9/2021
91,200,201,4,100,5,30.0,0,0,0,2,1,0,11,29/4/2021,27/9/2021
91,215,215,4,100,5,70.0,0,0,0,2,1,0,11,29/4/2021,27/9/2021
91,223,224,5,100,4,80.0,0,0,0,1,2,0,12,29/4/2021,27/9/2021
91,225,224,5,100,4,80.0,0,0,0,1,2,0,12,29/4/2021,27/9/2021
91,235,235,5,100,6,,0,0,0,0,2,1,14,29/4/2021,27/9/2021
91,245,246,5,100,6,50.0,0,0,0,0,2,1,14,29/4/2021,27/9/2021
91,255,256,6,100,5,80.0,0,0,0,0,1,2,15,29/4/2021,27/9/2021
91,265,265,6,100,5,30.0,0,0,0,0,1,2,15,29/4/2021,27/9/2021
92,128,128,1,100,0,,2,0,0,0,0,0,1,28/4/2021,26/9/2021
92,138,138,2,100,0,,0,2,0,0,0,0,4,28/4/2021,26/9/2021
92,145,145,2,100,0,,0,2,0,0,0,0,4,28/4/2021,26/9/2021
92,150,151,2,100,0,,0,2,0,0,0,0,4,28/4/2021,26/9/2021
92,155,155,2,100,0,,0,2,0,0,0,0,4,28/4/2021,26/9/2021
92,160,161,2,100,0,,0,2,0,0,0,0,4,28/4/2021,26/9/2021
92,170,170,2,100,0,,0,2,0,0,0,0,4,28/4/2021,26/9/2021
92,180,180,3,100,0,,0,0,2,0,0,0,7,28/4/2021,26/9/2021
92,198,198,4,100,5,10.0,0,0,0,2,1,0,11,28/4/2021,26/9/2021
92,205,205,4,100,5,20.0,0,0,0,2,1,0,11,28/4/2021,26/9/2021
92,220,220,4,100,5,60.0,0,0,0,2,1,0,11,28/4/2021,26/9/2021
92,230,231,5,100,4,100.0,0,0,0,1,2,0,12,28/4/2021,26/9/2021
92,238,239,5,100,6,10.0,0,0,0,0,2,1,14,28/4/2021,26/9/2021
92,240,239,5,100,6,10.0,0,0,0,0,2,1,14,28/4/2021,26/9/2021
92,248,248,5,100,6,40.0,0,0,0,0,2,1,14,28/4/2021,26/9/2021
92,260,260,6,100,5,40.0,0,0,0,0,1,2,15,28/4/2021,26/9/2021
93,128,128,1,100,0,,2,0,0,0,0,0,1,28/4/2021,24/9/2021
93,135,135,2,100,0,,0,2,0,0,0,0,4,28/4/2021,24/9/2021
93,143,144,2,100,0,,0,2,0,0,0,0,4,28/4/2021,24/9/2021
93,145,144,2,100,0,,0,2,0,0,0,0,4,28/4/2021,24/9/2021
93,150,151,2,100,0,,0,2,0,0,0,0,4,28/4/2021,24/9/2021
93,155,155,2,100,0,,0,2,0,0,0,0,4,28/4/2021,24/9/2021
93,160,161,2,100,0,,0,2,0,0,0,0,4,28/4/2021,24/9/2021
93,170,170,3,90,2,10.0,0,1,2,0,0,0,6,28/4/2021,24/9/2021
93,178,177,3,100,0,,0,0,2,0,0,0,7,28/4/2021,24/9/2021
93,188,188,3,100,4,80.0,0,0,2,1,0,0,8,28/4/2021,24/9/2021
93,190,189,3,100,4,70.0,0,0,2,1,0,0,8,28/4/2021,24/9/2021
93,198,197,4,100,5,50.0,0,0,0,2,1,0,11,28/4/2021,24/9/2021
93,203,204,4,100,5,60.0,0,0,0,2,1,0,11,28/4/2021,24/9/2021
93,205,204,4,100,5,60.0,0,0,0,2,1,0,11,28/4/2021,24/9/2021
93,218,219,4,100,5,80.0,0,0,0,2,1,0,11,28/4/2021,24/9/2021
93,220,219,4,100,5,80.0,0,0,0,2,1,0,11,28/4/2021,24/9/2021
93,230,231,5,100,4,50.0,0,0,0,1,2,0,12,28/4/2021,24/9/2021
93,238,238,5,100,6,30.0,0,0,0,0,2,1,14,28/4/2021,24/9/2021
93,243,244,5,100,6,10.0,0,0,0,0,2,1,14,28/4/2021,24/9/2021
93,245,244,5,100,6,10.0,0,0,0,0,2,1,14,28/4/2021,24/9/2021
93,248,247,5,100,6,60.0,0,0,0,0,2,1,14,28/4/2021,24/9/2021
93,258,258,6,100,5,60.0,0,0,0,0,1,2,15,28/4/2021,24/9/2021
93,260,259,6,100,5,60.0,0,0,0,0,1,2,15,28/4/2021,24/9/2021
96,130,130,1,100,0,,2,0,0,0,0,0,1,29/4/2021,30/09/2021
96,138,139,2,100,0,,0,2,0,0,0,0,4,29/4/2021,30/09/2021
96,140,139,2,100,0,,0,2,0,0,0,0,4,29/4/2021,30/09/2021
96,145,145,2,100,0,,0,2,0,0,0,0,4,29/4/2021,30/09/2021
96,153,152,2,100,0,,0,2,0,0,0,0,4,29/4/2021,30/09/2021
96,158,158,2,100,0,,0,2,0,0,0,0,4,29/4/2021,30/09/2021
96,163,163,2,100,0,,0,2,0,0,0,0,4,29/4/2021,30/09/2021
96,173,173,3,80,2,20.0,0,1,2,0,0,0,6,29/4/2021,30/09/2021
96,183,182,3,100,0,,0,0,2,0,0,0,7,29/4/2021,30/09/2021
96,190,191,3,100,4,80.0,0,0,2,1,0,0,8,29/4/2021,30/09/2021
96,200,200,4,100,5,20.0,0,0,0,2,1,0,11,29/4/2021,30/09/2021
96,213,213,4,100,5,60.0,0,0,0,2,1,0,11,29/4/2021,30/09/2021
96,220,221,4,100,5,80.0,0,0,0,2,1,0,11,29/4/2021,30/09/2021
96,233,232,4,100,5,100.0,0,0,0,2,1,0,11,29/4/2021,30/09/2021
96,253,254,5,100,6,50.0,0,0,0,0,2,1,14,29/4/2021,30/09/2021
96,255,254,5,100,6,50.0,0,0,0,0,2,1,14,29/4/2021,30/09/2021
96,263,263,6,100,5,100.0,0,0,0,0,1,2,15,29/4/2021,30/09/2021
